video_id,title,channel,time,url
shqLU7zMD7U,What Actually is under Sonic’s Gloves?🤔,VamiPuff,2026-06-12T13:51:37.753Z,https://www.youtube.com/watch?v=shqLU7zMD7U
TvI-Vj_ZnvA,Before vs After: Shin Sonic Chases People,Horror Skunx 2,2026-06-12T13:50:22.109Z,https://www.youtube.com/watch?v=TvI-Vj_ZnvA
3WthfpHKE0M,"If Sonic and Flash raced each other, the winner surprise you…😳",Loop Brain,2026-06-11T14:04:47.609Z,https://www.youtube.com/watch?v=3WthfpHKE0M
XkU1qdFekgE,NEVER GIFT THIS METAL SONIC TOY TO YOUR BROTHER ON HIS BIRTHDAY 🤖⚡😱,Vidbravo!,2026-06-11T14:03:10.882Z,https://www.youtube.com/watch?v=XkU1qdFekgE
f154TLq-bSk,Who is Controlling Metal Sonic in Sonic the Hedgehog 3?,VamiPuff,2026-06-11T14:01:47.416Z,https://www.youtube.com/watch?v=f154TLq-bSk
q8HG-rOqp0k,Sonic The Hedgehog 3 (2024) 3 Hedgehogs Teaser Poster Concept,Forky and Anya Fan 2009 (Jaziah Jones),2026-06-11T14:01:45.524Z,https://www.youtube.com/watch?v=q8HG-rOqp0k
EhhqT8z1HGM,DON’T GIFT METAL SONIC TOY TO YOUR BROTHER ‼️😱 #sonic  #viral,HoolahooksFacts,2026-06-11T13:58:48.182Z,https://www.youtube.com/watch?v=EhhqT8z1HGM
weNiEUIPXBk,Mario is MAD At Sonic!?,Aiishen,2026-06-11T13:57:40.020Z,https://www.youtube.com/watch?v=weNiEUIPXBk
viBnjliK37g,Shin Sonic Band - Good Karma (song) 💥🤩 #shinsonic #sonic #song,VisionBlox,2026-06-10T13:42:19.497Z,https://www.youtube.com/watch?v=viBnjliK37g
gRPYbsBTTdk,Did Tails actually Die in Sonic the Hedgehog 2?,VamiPuff,2026-06-10T03:43:13.843Z,https://www.youtube.com/watch?v=gRPYbsBTTdk
ThQxZTPyEgU,Challenge not laugh 😂😂 | Shin Sonic Sad Story #sonic #shinsonic,VisionBlox,2026-06-09T14:55:58.351Z,https://www.youtube.com/watch?v=ThQxZTPyEgU
jbBGNttippw,He Dug A Prison Tunnel Only With A Spoon For 20 Years #cartoon #foryou #fyp #usa #anime,Mitalks,2026-06-09T14:53:29.870Z,https://www.youtube.com/watch?v=jbBGNttippw
dHo1Wkihff8,The dark truth about sonic gloves...😱,Toon Secrets,2026-06-09T14:46:13.233Z,https://www.youtube.com/watch?v=dHo1Wkihff8
11Qqe0g_mHA,Is Dr. Eggman really Dead in Sonic the Hedgehog 3?,VamiPuff,2026-06-09T14:42:49.512Z,https://www.youtube.com/watch?v=11Qqe0g_mHA
JBSclh6iUaY,Little Sonic tries his best to protect family,Sonic & Amy Speed Rush,2026-06-09T14:42:47.605Z,https://www.youtube.com/watch?v=JBSclh6iUaY
WqPDWygwVbQ,"2025 Kids' Choice Awards FULL SHOW in 20 Minutes!! ft. Tyla, Salish Matter & MORE! | Nickelodeon",Nickelodeon,2026-06-03T14:20:48.262Z,https://www.youtube.com/watch?v=WqPDWygwVbQ
V_oGKN_1kpA,Salish Got Slimed Finally 💀💀 @jordanmatter,salishhhshorts,2026-06-03T14:20:03.894Z,https://www.youtube.com/watch?v=V_oGKN_1kpA
b-iTz5mMjBE,SONIC FIGHTS KNUCKLES IN REAL LIFE! *Who Will Win?*,ThatOneRandom Ginger,2026-05-31T15:11:58.894Z,https://www.youtube.com/watch?v=b-iTz5mMjBE
_6ozF0JiVXE,Merging Knuckles to MAX LEVEL SHIN SONIC,Fady,2026-05-31T15:09:47.715Z,https://www.youtube.com/watch?v=_6ozF0JiVXE
jC7D88P3WyY,SHIN SONIC TAPES Vs. SHIN KNUCLES! The Sonic Tapes Animation,Cartoon Games,2026-05-31T15:08:37.328Z,https://www.youtube.com/watch?v=jC7D88P3WyY
j74ZXKSTQYU,Shin Sonic - Liar (official song),Horror Skunx,2026-05-31T15:07:20.747Z,https://www.youtube.com/watch?v=j74ZXKSTQYU
cwJgOIBizMg,[999X SPEED] Shin Sonic - Liar (official song),Horror Skunx 2,2026-05-31T15:07:11.309Z,https://www.youtube.com/watch?v=cwJgOIBizMg
s7mR8lWMJAQ,[VOCALS vs FINAL] Shin Sonic - Liar (official song),Horror Skunx 2,2026-05-31T15:06:19.673Z,https://www.youtube.com/watch?v=s7mR8lWMJAQ
I6WN0nIpCGQ,Shin Sonic Band - Good Karma (official song),Horror Skunx,2026-05-31T15:05:33.472Z,https://www.youtube.com/watch?v=I6WN0nIpCGQ
gSPv52FtgbQ,Liar (Shin Sonic),Horror Skunx - Topic,2026-05-31T15:05:12.783Z,https://www.youtube.com/watch?v=gSPv52FtgbQ
shkqhB_UPpM,Shin Sonic Origin (Official Song),Horror Skunx 2,2026-05-31T07:14:44.402Z,https://www.youtube.com/watch?v=shkqhB_UPpM
i2w_nRNW0O4,Brawl Stars Sonic Rank UP #brawlstars,Rooxie,2026-05-31T06:29:15.203Z,https://www.youtube.com/watch?v=i2w_nRNW0O4
CKIpbT08RYg,Unboxing A SUPER RARE Dumpling?! 🥟⭐️,NichLmao,2026-05-31T06:22:36.988Z,https://www.youtube.com/watch?v=CKIpbT08RYg
huUpYzvCT9s,"pink Hulk vs Sonic, Shadow, Miles, Amy Rose, knuckles, Super Sonic, Silver Sonic",Versus Core Ai,2026-05-31T06:21:37.016Z,https://www.youtube.com/watch?v=huUpYzvCT9s
npGesmIJXBI,never play Roblox before doing your homework kids 😛 #fypシ゚viral #funny #roblox #gaming #challenge,NwankwofridayMishackTv,2026-05-31T06:21:06.872Z,https://www.youtube.com/watch?v=npGesmIJXBI
R6S9nHJQ6-A,3 Sonic Action Figures You Should NEVER Buy⚡🔥,TechSwarm,2026-05-31T06:20:04.752Z,https://www.youtube.com/watch?v=R6S9nHJQ6-A
hWEcOK5hzao,Becoming the Fastest in School… #minecraft,Mongo,2026-05-26T13:27:16.760Z,https://www.youtube.com/watch?v=hWEcOK5hzao
pxAQJSx5C4s,What if you brought LEGO to Ancient Egypt?,Mr. GlintBone,2026-05-26T12:41:11.349Z,https://www.youtube.com/watch?v=pxAQJSx5C4s
sty6H3YfxR4,POV Good Guy or Bad Guy - You Choose Sonic or Eggman????#sonic #sonicthehedgehog,Mr Buddy,2026-05-23T07:38:46.378Z,https://www.youtube.com/watch?v=sty6H3YfxR4
UUgK2aZmqFQ,Why Does Sonic Always Win?,ChaosDrive,2026-05-22T14:21:36.058Z,https://www.youtube.com/watch?v=UUgK2aZmqFQ
1_l4L-CcZVw,Sonic Was Never Supposed To Have Friends,ChaosDrive,2026-05-19T16:19:42.233Z,https://www.youtube.com/watch?v=1_l4L-CcZVw
IFQjrjHLRZ8,Sonic gets eepy,Sonic David,2026-05-19T16:18:29.821Z,https://www.youtube.com/watch?v=IFQjrjHLRZ8
3IWawgjUAb8,Who Is Actually SUPERSONIC?,ChaosDrive,2026-05-19T16:14:28.185Z,https://www.youtube.com/watch?v=3IWawgjUAb8
-h--lAANVrg,How Old Are the Sonic Characters?,ChaosDrive,2026-05-19T15:48:25.931Z,https://www.youtube.com/watch?v=-h--lAANVrg
zpam0aLzD-Q,Brawl Stars Sonic Rank UP #brawlstars,Rooxie,2026-05-19T15:48:03.247Z,https://www.youtube.com/watch?v=zpam0aLzD-Q
rM9qki2Z5a4,What Do Sonic’s Hands Actually Look Like?😧,Croco toon,2026-05-19T14:49:23.295Z,https://www.youtube.com/watch?v=rM9qki2Z5a4
e_DCuKQK9LE,“SILVER TRY TO SAVES HER BUT AMMY REALIZES SOMETHING CHANGE(NOOB TO HACKER) #sonic#noob#thehedgehog.,Hyper X Sonic,2026-05-19T14:49:14.490Z,https://www.youtube.com/watch?v=e_DCuKQK9LE
xUeK0piu034,Brawl Stars Sonic Rank UP #brawlstars,Rooxie,2026-05-19T14:46:32.384Z,https://www.youtube.com/watch?v=xUeK0piu034
PfDSTtywPag,Why is sonic designed as a hedgehog?,TechLine,2026-05-17T13:57:06.942Z,https://www.youtube.com/watch?v=PfDSTtywPag
tauEtGiV7Ow,Judo's Heartbreaking Story In Bluey 💔,CreativeBites,2026-05-17T13:55:55.368Z,https://www.youtube.com/watch?v=tauEtGiV7Ow
j81UtoA-LL8,Funny story 🤣🤣🤣 #sonic #game,Crazy Lab Team,2026-05-17T12:55:36.165Z,https://www.youtube.com/watch?v=j81UtoA-LL8
G3AGJAlPLok,Who's the fastest Sonic  Character? #youtubecommunity #ytshorts #ytviral #yt #ootd #trending,AWAMUO ,2026-05-17T12:54:11.430Z,https://www.youtube.com/watch?v=G3AGJAlPLok
ekz-PMJDct8,Robin's Mask Hides a DARK Memory He Can't Escape! 😱 #teentitansgo #robin #darksecrets,Cartoon Theories ,2026-05-17T08:07:08.816Z,https://www.youtube.com/watch?v=ekz-PMJDct8
orGdfECQSo4,Why is shadow slower than sonic?,TechLine,2026-05-17T08:02:10.953Z,https://www.youtube.com/watch?v=orGdfECQSo4
pE73VQJ0BlM,MY MOM STOPS ME FROM GOING TO CHURCH! 😭 #roblox,JimmyBlox,2026-05-17T08:02:06.920Z,https://www.youtube.com/watch?v=pE73VQJ0BlM
m5xOtVZ4Ejw,Titans Vs Teen Titans Power Up🥶🔥 Brawl Stars X Teen Titans Part-2 #brawlstars #titans #power,Wirix,2026-05-17T08:01:24.508Z,https://www.youtube.com/watch?v=m5xOtVZ4Ejw
j3EZM28iZUg,Three toys that got pulled from stores...,TheMiniBl4sters,2026-05-17T07:53:26.509Z,https://www.youtube.com/watch?v=j3EZM28iZUg
tibdfxcVT4g,Tails Visits Ohio,Sonic David,2026-05-17T07:52:55.440Z,https://www.youtube.com/watch?v=tibdfxcVT4g
-1dsIUBNRJI,Poor Sonic 1 ソニック・ザ・ヘッジホッグ- Marble Music #sonic #sonicthehedgehog #satisfying,Magic Marble Beats【3DCG】,2026-05-17T07:05:53.687Z,https://www.youtube.com/watch?v=-1dsIUBNRJI
e2Uq-RElwsA,SONIC VISITS OHIO,SGA,2026-05-17T06:50:58.404Z,https://www.youtube.com/watch?v=e2Uq-RElwsA
xS6aSdtfpjw,THIS BOY SAVED A LIFE! 😭 #roblox,The Roses,2026-05-17T06:47:22.069Z,https://www.youtube.com/watch?v=xS6aSdtfpjw
zfx_bKFWddc,Top three toys that parents hate,TheMiniBl4sters,2026-05-17T06:45:19.859Z,https://www.youtube.com/watch?v=zfx_bKFWddc
DIMULN7f5K0,Why does shadow remove his rings in sonic 3?,TechLine,2026-05-17T03:43:53.274Z,https://www.youtube.com/watch?v=DIMULN7f5K0
CUmjAQo7p0A,Say the word on beat @SonicDavid,SGA,2026-05-16T17:16:17.150Z,https://www.youtube.com/watch?v=CUmjAQo7p0A
Tnicslx135s,Toy #3 Looks Like Future Technology 😳 #viral #dadlifematters #facts,3CoreFacts,2026-05-16T17:12:19.817Z,https://www.youtube.com/watch?v=Tnicslx135s
M0LB6wMMvpo,Say the word on beat (level 2) @SonicDavid,SGA,2026-05-16T17:10:36.990Z,https://www.youtube.com/watch?v=M0LB6wMMvpo
JYqo6-8VSUA,SKIBIDI SONIC,SGA,2026-05-16T15:57:28.883Z,https://www.youtube.com/watch?v=JYqo6-8VSUA
153UOvuyWjI,Super Sonic VS Silver #epicbattle #sonic #supersonic,Ball Battle Arena,2026-05-16T15:56:07.854Z,https://www.youtube.com/watch?v=153UOvuyWjI
6enmTRneKqE,Who Is Sonic's Mum?,EGGPHILES,2026-05-16T15:54:50.822Z,https://www.youtube.com/watch?v=6enmTRneKqE
AEirV-Y50fg,Are Sonic’s Gloves Actually Part of His Body?,MEMODRIYA,2026-05-16T15:53:37.320Z,https://www.youtube.com/watch?v=AEirV-Y50fg
mq8x6mjj5Po,Roblox Magic Mirror Turns Into KPOP Demon Hunters 😮,nothayus,2026-05-15T15:01:51.865Z,https://www.youtube.com/watch?v=mq8x6mjj5Po
nYzvzisnajg,Why was Iron Man the only superhero to reveal his identity?,Quivergames,2026-05-15T15:01:19.752Z,https://www.youtube.com/watch?v=nYzvzisnajg
qDOQ8APaeWI,Robin Rescues Beast Boy From His Grave! | Tee Titans Go,Moving Animations,2026-05-14T14:25:55.176Z,https://www.youtube.com/watch?v=qDOQ8APaeWI
nxVEIQdbCXM,Metal Sonic VS Sonic ⚡🤖#MetalSonicVsSonic #MetalSonic #Sonic #SonicBattle #SEGA #GamingEdit,Drain duels,2026-05-14T14:24:00.475Z,https://www.youtube.com/watch?v=nxVEIQdbCXM
NFcUZ6YY85I,Who's Actually The Fastest Sonic Character?,ChaosDrive,2026-05-14T14:21:36.146Z,https://www.youtube.com/watch?v=NFcUZ6YY85I
fUmgzqcr6XI,Who own Teen Titans tower?.,Crumbling Toon,2026-05-12T14:35:32.672Z,https://www.youtube.com/watch?v=fUmgzqcr6XI
cjqwJ3QhET0,Color Matching Challenge - Help Sonic pick the right color MUSIC Sonic 2  ?,Yume,2026-05-12T14:35:01.443Z,https://www.youtube.com/watch?v=cjqwJ3QhET0
YE2Gi0WL0F0,Yangyang Draws on Kiki's Book! 😱 Peppa Pig House Decoration – Did She Take the Toys? Comment 👀,GamerYett ,2026-05-12T14:32:26.156Z,https://www.youtube.com/watch?v=YE2Gi0WL0F0
Fzjvl8h3tZs,Color Mixing Sonic? #color,CoLoR MiX,2026-05-12T14:29:31.282Z,https://www.youtube.com/watch?v=Fzjvl8h3tZs
nykonPiY63M,Super Sonic VS Shadow ⚡🖤#SuperSonicVsShadow #SonicVsShadow #SuperSonic #Shadow #SonicBattle,Drain duels,2026-05-12T14:28:34.684Z,https://www.youtube.com/watch?v=nykonPiY63M
M35rymLcPRE,Who REALLY Owns Titans Tower?! 😱 (Teen Titans Mystery),Brainrot Theory,2026-05-11T14:26:00.814Z,https://www.youtube.com/watch?v=M35rymLcPRE
5Xb9pmkjESo,Children who tricked the system 😨,English Universe Labz,2026-05-10T12:23:00.616Z,https://www.youtube.com/watch?v=5Xb9pmkjESo
w8CpCm4VCI8,Cyborg Didn’t Choose This !😔💔shorts #teentitansgo #cartoontheory #teentitans #cyborg,Whispered Unkn👁️wn,2026-05-10T12:22:58.067Z,https://www.youtube.com/watch?v=w8CpCm4VCI8
vKr1YeNVo-o,"Ball Throwing Challenge: Help Sonic defeat Shadow, Knuckles & Tails in the javelin throwing contest",TUGKAH,2026-05-10T12:17:28.993Z,https://www.youtube.com/watch?v=vKr1YeNVo-o
ojCSSiwDpAc,(PART 3) Toys that saved lives 😨,English Universe Labz,2026-05-10T12:13:54.344Z,https://www.youtube.com/watch?v=ojCSSiwDpAc
YzBuylNpbpg,Roblox Slippery VS Sticky!,Smarty Pants,2026-05-10T12:09:59.852Z,https://www.youtube.com/watch?v=YzBuylNpbpg
_rpl_xmvvqQ,How is sonic actually so fast?,TechLine,2026-05-10T12:04:09.164Z,https://www.youtube.com/watch?v=_rpl_xmvvqQ
RYbMmYt4Wdo,Kids Find Their  Toys With Magic🪄,BabyBillion,2026-05-10T09:05:55.215Z,https://www.youtube.com/watch?v=RYbMmYt4Wdo
Y4JJatKHQWc,#spiderman,devvprime ,2026-05-10T09:00:17.310Z,https://www.youtube.com/watch?v=Y4JJatKHQWc
su5MNxnrkvs,Princess are hungry #luigi #mario #peach #rosalina,MrToons,2026-05-10T08:54:33.239Z,https://www.youtube.com/watch?v=su5MNxnrkvs
I1zzb_lOqS4,#kids #toddlers #sisters #brothers #siblings,Fivynnn,2026-05-10T08:54:01.357Z,https://www.youtube.com/watch?v=I1zzb_lOqS4
UwTugTES-Vk,The Hedgehog Who's Faster Than Sonic,Johnny Vector,2026-05-10T08:45:07.706Z,https://www.youtube.com/watch?v=UwTugTES-Vk
Y0eNgGPVr7Q,Tails faces his fears!,Sonic David,2026-05-10T07:04:13.581Z,https://www.youtube.com/watch?v=Y0eNgGPVr7Q
bAaJY5bgqrQ,"Super Shadow & Sonic Vs Hulk, Ironman, Spiderman, Deadpool, Batman, Superman",Versus Core Ai,2026-05-10T05:13:48.271Z,https://www.youtube.com/watch?v=bAaJY5bgqrQ
lMNr8M23Dho,Big & Small Challenge Song for Kids 👶,SuPaBoo Shorts,2026-05-10T04:05:58.833Z,https://www.youtube.com/watch?v=lMNr8M23Dho
OpapHLHAs_c,Winter Clothes for Kids ❄️🧥 #english  #kids  #preschool  #learning  #cartoon,Kidshire,2026-05-10T04:04:45.832Z,https://www.youtube.com/watch?v=OpapHLHAs_c
gaDcpcnNBCw,Sonic 2 Shadow Puzzle Challenge! 🧩 - Can Sonic and his friends fit inside their shadows?,Yume,2026-05-10T03:56:33.057Z,https://www.youtube.com/watch?v=gaDcpcnNBCw
YbgrgNT2Qs0,Sonic continuously sings to help Shadow escape from Demon Knuckles,Mr Buddy,2026-05-10T03:53:46.991Z,https://www.youtube.com/watch?v=YbgrgNT2Qs0
K6Q573RMfEg,Homeschool Kindergarten Vocabulary | Compound Words for Kids (US/UK),Anokha,2026-05-10T03:25:17.181Z,https://www.youtube.com/watch?v=K6Q573RMfEg
nPTDoGhSkMo,Are You Happy or Sad? 😊😢 Fun Emotions Quiz for Kids | Learn English Feelings,ENGLISH MONSTER,2026-05-10T03:22:35.476Z,https://www.youtube.com/watch?v=nPTDoGhSkMo
4B9LHLEAUp8,🍬 Always Share! | Gumball Machine Fun Adventure,Chaka Kids | Kids Songs,2026-05-10T03:21:57.413Z,https://www.youtube.com/watch?v=4B9LHLEAUp8
6zVvliNnvTE,The Safety Challenge! 🚦🛑 Road Rules for Kids! 😲✨,Billy Blip Boss,2026-05-10T03:20:22.878Z,https://www.youtube.com/watch?v=6zVvliNnvTE
HRxU9O6cgOY,🪰 Don’t Hurt the Fly! Quick Story Time for Kids! #kids #story,KIDZOKI,2026-05-10T03:19:44.658Z,https://www.youtube.com/watch?v=HRxU9O6cgOY
g07Y33pOGCA,JOGO DA MEMÓRIA - DIVERTIDAMENTE / STITCH / MINIONS / LABUBU / BOBBIE GOODS / BARBIE,Tio Lucas,2026-05-10T03:18:54.653Z,https://www.youtube.com/watch?v=g07Y33pOGCA
27VP09LNG6Q,Learn 10 Homonyms for Kids 🎈💅🏻 | English Learning with Cartoon Animation,Anokha,2026-05-10T02:30:03.070Z,https://www.youtube.com/watch?v=27VP09LNG6Q
iE7-qVLbs2M,🚫 What Are Bad Habits? 🤔 #kids #learn,KIDZOKI,2026-05-10T02:27:49.156Z,https://www.youtube.com/watch?v=iE7-qVLbs2M
84BltZmToh8,Cardboard Shaving with Mom? 🪒😄 #kids #diy,MEOWJI,2026-05-10T02:25:35.202Z,https://www.youtube.com/watch?v=84BltZmToh8
jKGg4ReCKZc,🌈 Not 67! | Draw Rainbow 22 Instead | Fun Color Learning,Chaka Kids | Kids Songs,2026-05-10T02:25:09.721Z,https://www.youtube.com/watch?v=jKGg4ReCKZc
ozAtCk0tBwo,🦖 Dinosaur Quiz for Kids! | Can You Guess What Dino Eats? 🦕✨,MEOWJI,2026-05-10T02:24:41Z,https://www.youtube.com/watch?v=ozAtCk0tBwo
mmOP45oG5Ys,🚨 JOIN FAST! Playing Roblox With Subscribers LIVE 🔴,_Ujjal Doloi_,2026-05-10T02:20:47.021Z,https://www.youtube.com/watch?v=mmOP45oG5Ys
JNCbfD4d0FM,POV ⛩️ Kung Fu Panda Po and Tai Lung in the Dragon Run! 176% #animation,Duhan Show,2026-05-10T02:20:20.190Z,https://www.youtube.com/watch?v=JNCbfD4d0FM
JTuyWDzr9f4,What th is red Sonic doing 🤫,StevePlayLab,2026-05-10T02:17:13.910Z,https://www.youtube.com/watch?v=JTuyWDzr9f4
JFHdZ-8flLU,CALENDARIO SORPRESA POKEMON,Asbel Nazar,2026-05-10T02:15:42.395Z,https://www.youtube.com/watch?v=JFHdZ-8flLU
-KUfPGnFIKc,Would you save your parents or choose a phone? #peppapig #minecraft #peppa,Peppa Up,2026-05-10T02:12:42.325Z,https://www.youtube.com/watch?v=-KUfPGnFIKc
8ROvsjJSe4s,BARBIE MODELING | KAYCEE & RACHEL in WONDERLAND FAMILY #Barbie #BarbieChallenge #BarbieMakeover,KAYCEE & RACHEL in WONDERLAND FAMILY,2026-05-09T17:40:51.186Z,https://www.youtube.com/watch?v=8ROvsjJSe4s
6faNfnsXEW8,"Wiggly Ruler! 📏✨ Made from Slime, So Fun! 💚",Billy Blip Boss,2026-05-09T17:07:23.364Z,https://www.youtube.com/watch?v=6faNfnsXEW8
ZtTBwHsP0dQ,Aayu and Pihu - Favourite Kid Influencer | KCA 2022,Nickelodeon India,2026-05-09T17:06:59.709Z,https://www.youtube.com/watch?v=ZtTBwHsP0dQ
hjE5qyPA9wQ,knowledge or Money - which would you choose? #minecraft #peppa #peppapig,ryanisnotanoob,2026-05-09T02:25:44.279Z,https://www.youtube.com/watch?v=hjE5qyPA9wQ
S-0qZs17Nn0,Satisfying Cutting🥑🔪🍄🥝🍎🍉🍏🥬🍒🍗🍔 Foods Fruits Vegetables Toys ASMR live,Chindolls,2026-05-09T02:24:41.940Z,https://www.youtube.com/watch?v=S-0qZs17Nn0
f2Ap-AvoJJc,🌈 Rainbow Color Magic! Let's Mix Colors | Easy & Fun Learning for Kids,Chaka Kids | Kids Songs,2026-05-09T02:00:56.553Z,https://www.youtube.com/watch?v=f2Ap-AvoJJc
ouVarIOORvQ,🐭 How to Draw a Mouse from Numbers! ✏️🎨 #kids #art,MEOWJI,2026-05-07T15:12:35.039Z,https://www.youtube.com/watch?v=ouVarIOORvQ
NPB8wtvpRuA,Spoon Showdown: Which One Will Conquer the Water? 💦🥄,Funny Cubs | Cartoon for Kids,2026-05-07T15:12:08.361Z,https://www.youtube.com/watch?v=NPB8wtvpRuA
nJMEPKBI5Ns,Can You Guess the Emotions? 😊 #kids #learn,KIDZOKI,2026-05-07T15:10:43.738Z,https://www.youtube.com/watch?v=nJMEPKBI5Ns
3dcHNxZo4P0,How to turn a boring balloon into a water toy!🎈✨ #creative #voice #english,ThinkaDoos,2026-05-07T15:05:13.467Z,https://www.youtube.com/watch?v=3dcHNxZo4P0
w-PAWtb9sQo,Number Doodles! 🔢🎨 Fun Lesson for Kids! 🌟✨,Billy Blip Boss,2026-05-07T14:58:14.229Z,https://www.youtube.com/watch?v=w-PAWtb9sQo
O13_hnbxq-4,DRAMATIC PEPPA.,KAYCEE WONDERLAND,2026-05-06T17:11:37.882Z,https://www.youtube.com/watch?v=O13_hnbxq-4
odXONmvlwPs,Mr. Principal WILL BE THERE.... 😱 #simbochka #simba #animation #cat,Teeny Tiny Simba,2026-05-06T01:09:17.314Z,https://www.youtube.com/watch?v=odXONmvlwPs
OBviTIv5Hk4,Can You Name That Feeling? 🎭 Fun Emotions Craft for Kids #nurseryrhymes,ThinkaDoos,2026-05-06T01:03:37.628Z,https://www.youtube.com/watch?v=OBviTIv5Hk4
ME9DjUbi7MA,Rahul is making a Patrick Star doll for his sister. 🌟🤩#funny,3T CARRY ON ,2026-05-06T01:02:05.037Z,https://www.youtube.com/watch?v=ME9DjUbi7MA
ZC071oN5lwI,🎨 Color Mixing for Kids | 6 vs 7 Challenge,Chaka Kids | Kids Songs,2026-05-06T00:54:46.554Z,https://www.youtube.com/watch?v=ZC071oN5lwI
h2O47TKnrq8,🎨 DRAW on the BACK Challenge! So FUN 😍 #kids #fun,MEOWJI,2026-05-06T00:49:20.714Z,https://www.youtube.com/watch?v=h2O47TKnrq8
xhtcmg6IRNk,Robin Took Off His Mask And No One Expected This. #roblox #relatable #cartoon,Cartoonrants,2026-05-05T14:52:27.242Z,https://www.youtube.com/watch?v=xhtcmg6IRNk
L01qUKpsQO4,Sonic 3 The Unforgettable Moment 💀 Let's us talk without fists 😎 #sonicandknuckles #sonicmovie #fyp,TRY TO GET FAMOUS ,2026-05-05T14:43:47.112Z,https://www.youtube.com/watch?v=L01qUKpsQO4
syu50yL56bw,Teen Titans Literally Prove The Earth Is Flat,JustChillinX,2026-05-05T14:42:41.804Z,https://www.youtube.com/watch?v=syu50yL56bw
Elzc4YnZfDg,Не прыгни на коробку с LEGO!,BRUNO,2026-05-05T14:17:00.486Z,https://www.youtube.com/watch?v=Elzc4YnZfDg
fn7L6p62ad8,Why Does Sonic Only Have One Eye?,ChaosDrive,2026-05-05T14:07:11.605Z,https://www.youtube.com/watch?v=fn7L6p62ad8
i9WeBc5toVg,What Happened to Sonic's Parents?,ChaosDrive,2026-05-03T11:58:48.079Z,https://www.youtube.com/watch?v=i9WeBc5toVg
-C8Dndd-tVY,“The Person Who Killed Batman’s Parents” #viral, Loafingtun ,2026-05-03T11:46:38.600Z,https://www.youtube.com/watch?v=-C8Dndd-tVY
JvFExJazwOI,What's Sonics Real Name?  #relatable #sonic#relatable,Anaheim,2026-05-03T11:44:27.560Z,https://www.youtube.com/watch?v=JvFExJazwOI
EpQY1Ascn5k,#pokemon #pokemoncards  650 HP like,ISHAN ANSARI 202,2026-05-03T05:14:20.437Z,https://www.youtube.com/watch?v=EpQY1Ascn5k
im3crSq-ixI,Frozen Prehistoric Animals Found in Ice... Last One Will Shock You! #facts,Curly Scope,2026-05-03T05:13:34.475Z,https://www.youtube.com/watch?v=im3crSq-ixI
-P4mGDQZGzo,Making New Mod Hero Siren Head Toy‼️,Bilal Twins,2026-05-03T05:10:55.087Z,https://www.youtube.com/watch?v=-P4mGDQZGzo
ndF7fzqA_nQ,The Saddest Ending of Teen Titans You Didn’t Notice 😢💔shorts #horrorstories#cartoontheory#teentitans,Whispered Unkn👁️wn,2026-05-03T05:10:45.827Z,https://www.youtube.com/watch?v=ndF7fzqA_nQ
YGl2o2tROWY,What Does Sonic The Hedgehog's Hand Actually Look Like 👀,JC Theory,2026-05-03T05:09:33.468Z,https://www.youtube.com/watch?v=YGl2o2tROWY
DJ_U00KRN-Y,Did you know why Shin Sonic has two mouths?,Raikun shorts,2026-05-03T05:08:05.230Z,https://www.youtube.com/watch?v=DJ_U00KRN-Y
wboWtRog61M,3 Dolls Not Recommended for Kids 😳 (Number 3 Feels Too Real!),3 In The World,2026-05-03T05:06:01.939Z,https://www.youtube.com/watch?v=wboWtRog61M
_XCcpAs_RkQ,Toys that saved lives 😨,English Universe Labz,2026-05-03T03:40:31.552Z,https://www.youtube.com/watch?v=_XCcpAs_RkQ
bNGWr_JJXlQ,Why does Sonic never take off his shoes?,Quivergames,2026-05-03T03:39:58.935Z,https://www.youtube.com/watch?v=bNGWr_JJXlQ
7hx3eTd_6KY,did you knew ? #roblox #skeay #rantshorts,Skeay_,2026-05-03T03:30:14.286Z,https://www.youtube.com/watch?v=7hx3eTd_6KY
8V5fjgD2Kb8,Do Not Make Slime,Brandon’s Randoms,2026-04-27T13:03:02.146Z,https://www.youtube.com/watch?v=8V5fjgD2Kb8
0-QkVHnWS4Q,Did you know Sonic was a Rabbit Before?,Raikun shorts,2026-04-27T12:59:31.834Z,https://www.youtube.com/watch?v=0-QkVHnWS4Q
bXGpt0R36XY,Why didn’t Sonic take off his glove when the BOMB got stuck to him?,Quivergames,2026-04-26T13:45:39.134Z,https://www.youtube.com/watch?v=bXGpt0R36XY
B5HEzzCqrNA,Most Dangerous McDonalds Happy Meal Toy Ever — Controversial Fitness Toy 🪀,Infamazing,2026-04-26T13:43:32.526Z,https://www.youtube.com/watch?v=B5HEzzCqrNA
P1tSVe8BNnI,POV Mario Color Matching Game! Support Princess Peach Toadstool Find Her Colors,GTA Toon,2026-04-26T05:23:04.008Z,https://www.youtube.com/watch?v=P1tSVe8BNnI
tM7fuaS4WV8,Who ACTUALLY are Sonics parents?,Quivergames,2026-04-26T05:17:43.438Z,https://www.youtube.com/watch?v=tM7fuaS4WV8
FHvBs5nnXJY,Did you know Bowser doesn’t actually want Princess Peach for love?,Raikun shorts,2026-04-26T04:26:45.758Z,https://www.youtube.com/watch?v=FHvBs5nnXJY
9COO-LtXU6k,“The Teen Titans Aren’t Actually Teenagers!, Loafingtun ,2026-04-25T16:52:39.573Z,https://www.youtube.com/watch?v=9COO-LtXU6k
n0A1Jx_m-rA,Raven’s 16th Birthday Turns Into a Nightmare 😳 (Teen Titans Secret),XyraNana,2026-04-25T16:49:51.291Z,https://www.youtube.com/watch?v=n0A1Jx_m-rA
ATJqYHUFJrU,Why aren’t Tails and Knuckles in the Sonic 4 trailer?,Quivergames,2026-04-25T16:48:48.626Z,https://www.youtube.com/watch?v=ATJqYHUFJrU
rv8UvC3Nhkk,How is Sonic So Fast?,Justabtanything,2026-04-25T16:42:43.033Z,https://www.youtube.com/watch?v=rv8UvC3Nhkk
Fri1UzP_-Ao,small creator not supported #cr7 #roblox #robloxfriends #stumbleguys #games,Flash king ,2026-04-25T16:41:54.791Z,https://www.youtube.com/watch?v=Fri1UzP_-Ao
W4Joi7nGi7U,Water Toy Prank! 😂 🔫,NichLmao,2026-04-25T14:50:25.027Z,https://www.youtube.com/watch?v=W4Joi7nGi7U
oQFzjKwBqgg,How Old Are The Sonic Characters?,Justabtanything,2026-04-25T14:49:57.022Z,https://www.youtube.com/watch?v=oQFzjKwBqgg
nqK0Ks6LgNs,Why Sonic Is Blue? 😱💙⚡ #sonic #theory,Detective Hank,2026-04-25T14:45:38.528Z,https://www.youtube.com/watch?v=nqK0Ks6LgNs
xTKKAbNwcCY,Kids Play With Paper Toys 🍃,BabyBillion,2026-04-19T14:21:33.773Z,https://www.youtube.com/watch?v=xTKKAbNwcCY
FCyhHASCxkg,Kids Learn To Share Slime 🤗,BabyBillion,2026-04-19T14:05:21.648Z,https://www.youtube.com/watch?v=FCyhHASCxkg
_-Je_D13Jro,Jeje makes a princess carriage 👸🐎,Doodle Galaxy TV,2026-04-19T06:15:23.737Z,https://www.youtube.com/watch?v=_-Je_D13Jro
bJ3PGNOA1kg,One Toy or Two? 🧸😲 | Big Sister Sierra Teaches Sharing 💛,Sierra and Rhia English,2026-04-19T06:13:54.137Z,https://www.youtube.com/watch?v=bJ3PGNOA1kg
P6FA0625pqc,Creative Art Ideas #drawing #cricket #trending #viral #art #kids #youtubeshorts #ipl,Golu Molu Kids 🚸,2026-04-16T13:51:56.768Z,https://www.youtube.com/watch?v=P6FA0625pqc
j2A-MKieCH0,Tips To Wash Your Body! #kids #learn,MEOWJI,2026-04-16T13:47:07.354Z,https://www.youtube.com/watch?v=j2A-MKieCH0
kBeSSY9aKbk,Count to ten with EGGS!🪺 #preschool #kidssongs #kidsvideo #counting,Pancake Manor - Kids Songs,2026-04-16T13:46:22.833Z,https://www.youtube.com/watch?v=kBeSSY9aKbk
FvpJ8-fJsOQ,🌈🚚 Refill the Truck with Colors! Fun Learning for Kids 🎨 #kids #fun,KIDZOKI,2026-04-16T13:44:31.208Z,https://www.youtube.com/watch?v=FvpJ8-fJsOQ
CdT3LV5aemE,Silly English Words for Kids! What’s a Booger?👃 What’s Ear Wax? 🤢,Maya and Mary,2026-04-16T13:41:58.632Z,https://www.youtube.com/watch?v=CdT3LV5aemE
ASpfvZUJg3o,"Robin Took Off His Mask, And Everyone Went Silent #roblox #relatable #cartoon",sozexclip,2026-04-13T14:01:04.955Z,https://www.youtube.com/watch?v=ASpfvZUJg3o
svQN_do9WKw,He Died Last Year… So Who Saved Her? 🧐💀 #roblox #robloxstory,Afe,2026-04-06T17:45:15.166Z,https://www.youtube.com/watch?v=svQN_do9WKw
cs2S_WwKbAo,who deserves to be the princess🥺 #tocaboca  #tocalifeworld,Saniaa Channel,2026-04-06T17:43:54.044Z,https://www.youtube.com/watch?v=cs2S_WwKbAo
MZtMAIW_H_M,I'm sorry I couldn't save you in time baby…💔🥹 #lego #puppy #dogloss  #dogs #doglove #rip #fyp,SnapBrick Pets,2026-04-06T17:43:24.511Z,https://www.youtube.com/watch?v=MZtMAIW_H_M
NbGU4A6CJkE,She was BORN with GREEN HAIR! #roblox #brookhavenrp,Danny Roblox,2026-04-06T17:42:14.629Z,https://www.youtube.com/watch?v=NbGU4A6CJkE
xzqBLNr4z8k,What would You do if you were me?🤔💬👇Ever seen product like this before?🧱 #couple #lego #gift,The Brick Couple,2026-04-06T17:40:34.916Z,https://www.youtube.com/watch?v=xzqBLNr4z8k
YMj0S-OPnaY,Have you ever noticed the weird things going on in Peppa Pig? #animation #anime #peppapig #cartoon,CMCM009,2026-04-06T17:40:12.298Z,https://www.youtube.com/watch?v=YMj0S-OPnaY
-SE8r2MabJc,I always loves his mother.#hearttouching #childrenmovie,CineSpotlight,2026-04-06T17:40:09.539Z,https://www.youtube.com/watch?v=-SE8r2MabJc
7NKt9t4TzZQ,I'm so sorry I didn’t save you in time baby...💔😔 #lego #puppy #dogloss #rip #dogs #doglove #fyp,SnapBrick Pets,2026-04-06T17:36:12.108Z,https://www.youtube.com/watch?v=7NKt9t4TzZQ
tFVnadmnn7c,"December 7, 2025",The Collins Kids Family,2026-04-06T17:32:14.029Z,https://www.youtube.com/watch?v=tFVnadmnn7c
uoSbDXDInHg,The truth about Frozen..,DillyPickle,2026-04-06T17:31:38.368Z,https://www.youtube.com/watch?v=uoSbDXDInHg
Ysaxrxt7lOw,100 ROBUX GIVEAWAY! | DONATING ROBUX TO VIEWERS! | REAL LIVE STREAM | Pls Donate | ROBLOX,Rxzav,2026-04-06T17:25:57.939Z,https://www.youtube.com/watch?v=Ysaxrxt7lOw
7cH8qnNFFBs,He swore he was the real Sonic… but the truth soon appeared 🤔⚡😱,Super Sonicous,2026-04-06T16:29:14.860Z,https://www.youtube.com/watch?v=7cH8qnNFFBs
Hcc9cJCh4cI,He Protected Him from the Bullies 😇💙,Super Sonicous,2026-04-06T15:01:28.584Z,https://www.youtube.com/watch?v=Hcc9cJCh4cI
NTMrAg-XBRE,From Accident to Art 😱🎨~ miniwood toy-wood working art skill wood / handcrafts #gamtng,No olty op,2026-04-04T15:40:20.291Z,https://www.youtube.com/watch?v=NTMrAg-XBRE
FpJLzyPVWvc,"Roblox Kiss, Marry, Kill!",Johnny and Marty,2026-04-04T15:39:04.655Z,https://www.youtube.com/watch?v=FpJLzyPVWvc
ZoArwP6coW0,Spider-Man or the Boy?😱 #spiderman,Moscow Spider,2026-04-04T15:34:24.273Z,https://www.youtube.com/watch?v=ZoArwP6coW0
G-rgWNk3wws,comment who the perpetrator is🤔#shrots #usa #english #funny #animation,Talin Cute,2026-04-04T15:27:48.767Z,https://www.youtube.com/watch?v=G-rgWNk3wws
CuL2mONvD58,Paranormal House Horror Story 😳 #scary #horrorstory #horrorstories #scarystories,Shadow Tales Roblox,2026-04-04T15:23:26.680Z,https://www.youtube.com/watch?v=CuL2mONvD58
5TD-TgDJJeg,Dad’s Dangerous Race 🚗🏁~ miniwood toy-wood working art skill wood / handcrafts #gamtng,No olty op,2026-04-04T15:21:24.126Z,https://www.youtube.com/watch?v=5TD-TgDJJeg
JYYGPdf4OYg,The Darkest Tom and Jerry Scene… Did Jerry Actually Die? #cartoon #tomandjerry,Hidden Theory Zone,2026-04-04T15:13:27.992Z,https://www.youtube.com/watch?v=JYYGPdf4OYg
ByA25qqLYwI,Sonic and Baldi Best Friends | Sonic Hugged Baldi Secret#sonic#baldi,jojo flick toon ,2026-04-04T15:12:12.172Z,https://www.youtube.com/watch?v=ByA25qqLYwI
Fz3uFl5ut3Q,She had the whole car customized for her despicable husband,miooshorts,2026-04-02T14:57:10.175Z,https://www.youtube.com/watch?v=Fz3uFl5ut3Q
G3mwKHnGWUc,¡Compró un Hot Wheels y encontró ESTO dentro! 😱,Banette,2026-04-02T14:55:29.145Z,https://www.youtube.com/watch?v=G3mwKHnGWUc
N93HAVxZZd4,Invisible Toy Car Is Real 🤯🔥,Gab Facts ,2026-04-02T14:50:58.937Z,https://www.youtube.com/watch?v=N93HAVxZZd4
geirWBd2ics,Did You Know Sonic Had a Girlfriend | Sonic and Amy Secret#sonic,jojo flick toon ,2026-04-01T14:04:01.721Z,https://www.youtube.com/watch?v=geirWBd2ics
J9vMtNJl1xw,Sonic Brother Part 4 | Sonic Brother vs Shadow | Sonic Dark Secret #sonic,jojo flick toon ,2026-04-01T14:01:55.321Z,https://www.youtube.com/watch?v=J9vMtNJl1xw
TXDt6ruZiv4,I Was Born Twice 👼#roblox  #brookhavenrp,StarPlayz,2026-04-01T14:01:11.193Z,https://www.youtube.com/watch?v=TXDt6ruZiv4
zDoH_0VDeRo,Gwen stacy + Lily lovebirds💜🩷 #poppyplaytime  #digitalart #ytshorts #spiderman #spiderverse,Janavee Gauswami,2026-04-01T14:01:04.835Z,https://www.youtube.com/watch?v=zDoH_0VDeRo
1VnrTMH2FkQ,Pick your Lego Ninjago airplane,Brix 4 Life,2026-04-01T13:58:25.536Z,https://www.youtube.com/watch?v=1VnrTMH2FkQ
5_i8WRMUONM,His Toys Disappeared After He Tortured Them,ClownOrbit8,2026-04-01T13:54:48.698Z,https://www.youtube.com/watch?v=5_i8WRMUONM
_uyowEu_2fI,Should you trust Toy Chica lose her Beak? #fnaf #fivenightsatfreddys,They Who See,2026-04-01T13:54:47.403Z,https://www.youtube.com/watch?v=_uyowEu_2fI
uhXz5ImQ4Tg,Teen Titans Are Hiding Their Real Age 😨 #teentitansgo,screen spooky ,2026-03-31T03:18:35.324Z,https://www.youtube.com/watch?v=uhXz5ImQ4Tg
YJRhJaTv2Mc,Sonic’s Dark Secret 😱🦔 #mario #bike,Detective Hank,2026-03-31T03:08:46.118Z,https://www.youtube.com/watch?v=YJRhJaTv2Mc
yLcZRN4YsWY,Sonic vs Baldi | Why Sonic Ran From His Best Friend|sonic|baldi,jojo flick toon ,2026-03-31T03:07:05.885Z,https://www.youtube.com/watch?v=yLcZRN4YsWY
l4BBgMP9j94,Sonic Dark Secret Part 2 | Sonic Lost Brother Returns | Sonic Hidden Brother Story#sonic,jojo flick toon ,2026-03-22T12:30:53.055Z,https://www.youtube.com/watch?v=l4BBgMP9j94
FymoJ0IrkrM,3 Animal Toys So Cute Kids Think They’re Real Pets‼️ #3 Can Actually EAT‼️ 😱,3 Fact Rush,2026-03-22T05:50:06.602Z,https://www.youtube.com/watch?v=FymoJ0IrkrM
Jr2cTOqNq9Q,Sonic Dark Secret | Sonic Has a Hidden Brother More Dangerous Than Him#sonic,jojo flick toon ,2026-03-22T05:48:06.863Z,https://www.youtube.com/watch?v=Jr2cTOqNq9Q
JeDdKLS1ZJE,TODAY Mila's Slime comes out on peachybbies.com & you local Target!,The Anazala Family ,2026-03-21T19:12:52.510Z,https://www.youtube.com/watch?v=JeDdKLS1ZJE
kq5XhHDj54M,Giving Barbie a Pink Palm Puff Hoodie,EverythingDolls,2026-03-21T19:05:58.691Z,https://www.youtube.com/watch?v=kq5XhHDj54M
pvTvWnQGwj8,Zootopia2 JUDY paper iphone unboxing💕 #iphone #papercraft #paperdiy #zootopia2 #unboxing #asmrvideo,kiwi Paper,2026-03-21T19:04:19.407Z,https://www.youtube.com/watch?v=pvTvWnQGwj8
UzN_mK7QW5s,Turning Barbie into Taylor Swift: “Life of a Showgirl”,EverythingDolls,2026-03-21T18:57:50.235Z,https://www.youtube.com/watch?v=UzN_mK7QW5s
vbN7usxc-pU,My mother is a mermaid.#fantasy #childrenmovie,MushroomScreen,2026-03-21T18:47:03.450Z,https://www.youtube.com/watch?v=vbN7usxc-pU
veuxlvt-psc,What Does Sonic’s Bare Hands ACTUALLY Look Like? #sonicthewerehog #sonicgloves,Chyz,2026-03-21T11:44:14.189Z,https://www.youtube.com/watch?v=veuxlvt-psc
03yDRgcIkyQ,Are parents responsible for their children's obesity?#series,Ivan Romaniukmovie,2026-03-21T11:34:40.771Z,https://www.youtube.com/watch?v=03yDRgcIkyQ
TAK6vQqa2aA,I Taught My Wife a Lesson… BABY SWAP Prank! 😂🍼😱 #prankwars #couplegoals #funnyvideos,Prank Me Later,2026-03-21T11:33:09.254Z,https://www.youtube.com/watch?v=TAK6vQqa2aA
MCEwg_Ee9p8,3 Dangerous Kids Toys You Should NEVER Buy (Shocking #3!) 😳,TECHUNBOX USA,2026-03-21T11:21:03.982Z,https://www.youtube.com/watch?v=MCEwg_Ee9p8
0HicYWti4Qo,The father's negligence led to the child's drowning and death. #3d #3danimation,laing3D,2026-03-21T11:09:42.498Z,https://www.youtube.com/watch?v=0HicYWti4Qo
dsLSOQwk2k8,INSANE Roblox Live Stream! You Won’t Believe This 😳🔥 DAY 16,The-Airbaaz ,2026-03-21T11:08:05.011Z,https://www.youtube.com/watch?v=dsLSOQwk2k8
lhiCMEoTxqo,The Flight Attendant’s Revenge That Went Too Far… Princess Died!” 😱,VibeVerse,2026-03-21T11:00:49.898Z,https://www.youtube.com/watch?v=lhiCMEoTxqo
OhwJf2RH7Yo,Haunted House Horror Story 😳 #horrorstory #scary #horrorstories #horror,Shadow Tales Roblox,2026-03-21T10:42:50.408Z,https://www.youtube.com/watch?v=OhwJf2RH7Yo
KIz8zRBIiwU,He was fed up with his brother's bullying and transformed 😱,SEGATOY,2026-03-21T10:31:30.434Z,https://www.youtube.com/watch?v=KIz8zRBIiwU
vsY-HMIlLeY,SONIC was meant to be a HUMAN at First,MarioBrosVerse,2026-03-21T10:27:08.463Z,https://www.youtube.com/watch?v=vsY-HMIlLeY
2Uo-Vurjars,Which Lego car? Are you picking?,Brix 4 Life,2026-03-21T10:21:57.528Z,https://www.youtube.com/watch?v=2Uo-Vurjars
HjRO1sSrr4s,The Sad Truth About Muffin In Bluey 💔,CreativeBites,2026-03-16T15:40:21.330Z,https://www.youtube.com/watch?v=HjRO1sSrr4s
3aWmgl_81k8,Who’s the Most Beautiful Person In Your House?🤔🏠 #roblox,babypiscess,2026-03-15T17:15:36.959Z,https://www.youtube.com/watch?v=3aWmgl_81k8
KiY68C45EGw,HUGE dumpling UNBOXING! #viral #trending #fivebelow #unboxing #haul,Chyler Emery,2026-03-15T17:09:25.320Z,https://www.youtube.com/watch?v=KiY68C45EGw
iGAi6OgWzD4,ROBLOX ULTIMATE SQUID GAME GLASS BRIDGE | LIVE DAY 41,Ansi is Live ,2026-03-15T17:08:46.218Z,https://www.youtube.com/watch?v=iGAi6OgWzD4
L6yTPZiKfjg,Biggest Cartoons From Different Countries 🌍📺 #cartoons #map #top #facts #naruto,Geo World,2026-03-15T16:55:27.413Z,https://www.youtube.com/watch?v=L6yTPZiKfjg
hbXfAY8PrjE,How long would it actually take to pick up a BILLION dollars 💵🤑,Story Snap,2026-03-15T13:49:59.241Z,https://www.youtube.com/watch?v=hbXfAY8PrjE
abAHWcAWNtY,Does Sonic owe Shadow a thank you?#Sonic#Shadow#SonicTheHedgehog#TeamSonic#TeamShadow #SonicFans,SONIC_ME,2026-03-15T13:48:09.306Z,https://www.youtube.com/watch?v=abAHWcAWNtY
grS4fZN8oZE,Why sonic never takes off his gloves ‼️🤯😱,Squid Empire ,2026-03-15T13:47:14.490Z,https://www.youtube.com/watch?v=grS4fZN8oZE
diLYFha0tL8,"Margo, Edith And Agnes Were Never Real Sisters In Despicable Me… 💔",CreativeBites,2026-03-15T13:43:53.831Z,https://www.youtube.com/watch?v=diLYFha0tL8
1fRS-oaF0s4,How Many Balls Will Hold Marty In Roblox?,Johnny and Marty,2026-03-15T07:27:17.242Z,https://www.youtube.com/watch?v=1fRS-oaF0s4
B6BL1gQgTJU,Color Matching Challenge - Help RUMI pick the right hair MUSIC Roblox 4 | KPop Demon Hunters,Buddy Toon,2026-03-15T07:23:53.777Z,https://www.youtube.com/watch?v=B6BL1gQgTJU
s3MFilOAgtM,Creepy Alien Secret You Missed In Bluey 😱,CreativeBites,2026-03-15T07:19:14.154Z,https://www.youtube.com/watch?v=s3MFilOAgtM
gl0Q2EaY4f4,Raquel Glaze is live! Happy Sunday Everyone 3/15/26 from #amazing #granny #trending #toys,Raquel Glaze,2026-03-15T07:15:46.738Z,https://www.youtube.com/watch?v=gl0Q2EaY4f4
h73xn5SkrlY,Did You Know Tom From Tom and Jerry Has the Saddest Family Story?,CartoonTheories,2026-03-15T07:10:35.428Z,https://www.youtube.com/watch?v=h73xn5SkrlY
aCicrT2RIAk,Princess Peach Is Evil #mariobros,Screen Secrets,2026-03-15T06:20:50.537Z,https://www.youtube.com/watch?v=aCicrT2RIAk
GRoGdvsi18M,What happens if you transform into the Hulk in Lego Marvel Super Heroes #videogames #legogames #lego,oreodzilla,2026-03-15T04:34:17.126Z,https://www.youtube.com/watch?v=GRoGdvsi18M
Gva_m3f1tTE,The Minecraft Challenge That No One Can Beat! #minecraft,Praxis,2026-03-14T15:09:24.472Z,https://www.youtube.com/watch?v=Gva_m3f1tTE
0vq3I-yOdUs,Which Lego plane would you pick?,Brix 4 Life,2026-03-14T15:09:02.432Z,https://www.youtube.com/watch?v=0vq3I-yOdUs
WBI3hRd9_xM,They Treated Him Badly Because of His Art 😭😢,Super Sonicous,2026-03-14T15:06:16.119Z,https://www.youtube.com/watch?v=WBI3hRd9_xM
ffH2xdpVNbw,"IF YOUR DAD’s NAME START FROM ANY LATTER FROM A TO Z , YOUR OUT , JUST KIDDING 😂 #funny #roblox",DAMAS_BLOX-US,2026-03-14T15:05:38.894Z,https://www.youtube.com/watch?v=ffH2xdpVNbw
mxw7bq0GHd4,“The Day the Teen Titans Almost Killed Raven…” 😱,CartoonTheories,2026-03-14T15:00:37.690Z,https://www.youtube.com/watch?v=mxw7bq0GHd4
-d7DtPnV13E,#storytime #peppapig #cartoon,Zegas Bolih,2026-03-14T14:53:47.979Z,https://www.youtube.com/watch?v=-d7DtPnV13E
X1tNoqx05Ok,Mythical Tales of ADVENTURE! 🦄🐉 | Tom & Jerry | #KidsCartoons @wbkids,WB Kids,2026-03-14T13:15:40.480Z,https://www.youtube.com/watch?v=X1tNoqx05Ok
22tc3Ru4hpk,Sprunki OC numberblocks VS Roblox animation #animation #sprunki #numberblocks #robloxanimation,Fal Animations,2026-03-14T05:44:29.954Z,https://www.youtube.com/watch?v=22tc3Ru4hpk
Cjqfu5GZhO8,Minecraft Movie Without CGI😭,Starshow,2026-03-14T05:40:49.041Z,https://www.youtube.com/watch?v=Cjqfu5GZhO8
xe_sOnHtIH0,Big Figs revert to their normal state in Lego Marvel #videogames #legogames #lego,oreodzilla,2026-03-14T05:34:38.086Z,https://www.youtube.com/watch?v=xe_sOnHtIH0
fPs5Hw5aXA8,She stuffed her mouth full of cotton just to play the princess perfectly.,Penguin Movie,2026-03-14T04:20:56.308Z,https://www.youtube.com/watch?v=fPs5Hw5aXA8
a60dhIZt3qQ,What If Bluey And Bandit Was Trapped In A Same Dream? 🤯,CreativeBites,2026-03-14T04:19:45.279Z,https://www.youtube.com/watch?v=a60dhIZt3qQ
cLhl3I52IT4,Is Jinu mean to his toys?,TrueToon,2026-03-14T04:03:22.168Z,https://www.youtube.com/watch?v=cLhl3I52IT4
KETb4Iqj-8o,Top 3 Toys Parents Regret Buying For Kids! 😅❤️,Kyro Scope,2026-03-14T04:02:18.633Z,https://www.youtube.com/watch?v=KETb4Iqj-8o
598Rh-2IdJw,The Cookie Contest Hero  #kidslearning #quotes #bedtimestories #kidsyoutube #familyfriendly #funny,SmartTales,2026-03-14T04:02:15.027Z,https://www.youtube.com/watch?v=598Rh-2IdJw
gM8sWJ5vDbc,Oldest Toy On Earth,Infamazing,2026-03-14T04:00:21.473Z,https://www.youtube.com/watch?v=gM8sWJ5vDbc
EHkFTjNAKo8,3 Toys So Addictive Kids Forget Their iPads 😲,TECHUNBOX USA,2026-03-13T13:51:09.512Z,https://www.youtube.com/watch?v=EHkFTjNAKo8
USSYN4xB7X0,Tom Eats Jerry!?   #tomandjerry #roblox,TheDunkingDoNot,2026-03-13T13:50:32.580Z,https://www.youtube.com/watch?v=USSYN4xB7X0
qHydplvAI9o,The 3 Scariest Toys in the World 😱,Wow Fact,2026-03-13T13:47:28.318Z,https://www.youtube.com/watch?v=qHydplvAI9o
XTLp1_D5uww,What If Bingo Never Woke Up In Bluey? 😨,CreativeBites,2026-03-13T13:46:02.699Z,https://www.youtube.com/watch?v=XTLp1_D5uww
t7a3fAvRp-Q,Tom and Jerry Talked!?    #tomandjerry #roblox,TheDunkingDoNot,2026-03-13T13:45:40.248Z,https://www.youtube.com/watch?v=t7a3fAvRp-Q
V1Jf90ML6xE,The Sad Truth About Coco In Bluey 💔,CreativeBites,2026-03-13T13:45:08.414Z,https://www.youtube.com/watch?v=V1Jf90ML6xE
dAuPKDqP_Qg,The Sad Truth About Bingo From Bluey 💔,CreativeBites,2026-03-11T14:14:38.278Z,https://www.youtube.com/watch?v=dAuPKDqP_Qg
cEbzWXQ3CJc,What If Jean Luc Never Returned In Bluey? 💔,CreativeBites,2026-03-11T14:10:41.924Z,https://www.youtube.com/watch?v=cEbzWXQ3CJc
2ixPWeWh8KM,"Venom, Orange Hulk, The Flash, Batman & Deadpool vs Zombies – Ultimate Chaos vs Undead! 🧟‍♂️⚔️🔥",Win or Defeat,2026-03-04T13:21:12.714Z,https://www.youtube.com/watch?v=2ixPWeWh8KM
iTIWowSJ4ew,CAN YOU survive this night with Foxy FNAF Animation..,They Who See,2026-02-25T15:48:01.456Z,https://www.youtube.com/watch?v=iTIWowSJ4ew
XoVnWA9drNU,Sonic’s Lost Movie Set,Zenrix Edits,2026-02-25T15:47:09.117Z,https://www.youtube.com/watch?v=XoVnWA9drNU
J9BZdOpXH8w,SLIPPERY vs SLICKY STAIRS In Roblox!,Brook and Riley,2026-02-24T14:34:01.234Z,https://www.youtube.com/watch?v=J9BZdOpXH8w
YlMP955wMGs,Minecraft Moobie #minecraftmovie,SGA,2026-02-24T14:27:01.603Z,https://www.youtube.com/watch?v=YlMP955wMGs
U-7CEe7V4lc,He got so tall… he couldn’t even fit in the school! 🤣🏫⬆️,Super Sonicous,2026-02-24T14:25:42.053Z,https://www.youtube.com/watch?v=U-7CEe7V4lc
4T62bfjhFew,ONE MISTAKE = GAME OVER ROBLOX ULTIMATE SQUID GAME GLASS BRIDGE CHALLENGE DAY 120,Aamir GamerZ,2026-02-24T14:18:26.139Z,https://www.youtube.com/watch?v=4T62bfjhFew
dgZrQmz8Qik,"Satisfying Unboxing with Patrick, Tom and Jerry Fun Toys Video",Chase Toy,2026-02-24T14:15:25.763Z,https://www.youtube.com/watch?v=dgZrQmz8Qik
BIDqPAG8mPg,The Genius Idea That Sold More Toys 💰,NYKentertain,2026-02-24T14:10:11.719Z,https://www.youtube.com/watch?v=BIDqPAG8mPg
vWWcfRXfwTI,What the heck happened to Patrick Star?! #animation #dannyphantom #hellopuppetsmidnightshow #funny,Ngozi Favour,2026-02-24T14:04:13.569Z,https://www.youtube.com/watch?v=vWWcfRXfwTI
BtLVjylzjLg,NO EATING TREX CLASS JURASSIC WORLD FUN REBIRTH Dinosaur Toy Collection NEW Video DREX Mattel Funny!,Ryder’s Dino World,2026-02-24T14:03:42.688Z,https://www.youtube.com/watch?v=BtLVjylzjLg
BtqLYK38T7g,Never Ever Help FreakBob Survive The Sonic Encounter,She Who Knows,2026-02-24T13:58:10.396Z,https://www.youtube.com/watch?v=BtqLYK38T7g
eihvosNIPrA,The Monster Wouldn’t Leave Him Alone… Until This Happened 👹😱🤣,Super Sonicous,2026-02-24T13:55:14.823Z,https://www.youtube.com/watch?v=eihvosNIPrA
JHgMiPODxOQ,MINECRAFT Happy Meals!,Mark Ryan,2026-02-24T13:53:47.395Z,https://www.youtube.com/watch?v=JHgMiPODxOQ
0Sc3SlfF1Ao,He just wanted love… but ended up alone and in danger 🐍💔😢,Super Sonicous,2026-02-24T13:51:26.952Z,https://www.youtube.com/watch?v=0Sc3SlfF1Ao
fROn3ypxPLM,This orca thought the small orca toy was her baby.❤️‍🩹,Hans Frame,2026-02-24T13:46:32.738Z,https://www.youtube.com/watch?v=fROn3ypxPLM
BgF6uU46Xoc,He Found a Creature That Shouldn’t Be Touched 🐙😨,Super Sonicous,2026-02-22T14:44:19.234Z,https://www.youtube.com/watch?v=BgF6uU46Xoc
0V_eJyGndvs,They Thought It Was Pasta… Until the News Came Out 📺🪱🤣,Super Sonicous,2026-02-22T14:43:03.299Z,https://www.youtube.com/watch?v=0V_eJyGndvs
-dsyx9nC5e8,CAN DOGS PLAY WITH CAT TOYS? #msbeanie @catsackett,Ms. Beanie,2026-02-22T14:37:58.781Z,https://www.youtube.com/watch?v=-dsyx9nC5e8
IPtLykphTNY,Homeless Man Spends His Last Dollar to Save a Mother Dog. What Happens Next Will Make You Cry,Felpit Things,2026-02-22T12:48:14.126Z,https://www.youtube.com/watch?v=IPtLykphTNY
R0YMU2Lfa1k,They were so mean to bacon but then this happened… 🤯 #roblox #robloxshorts,Fleecy,2026-02-22T12:40:46.798Z,https://www.youtube.com/watch?v=R0YMU2Lfa1k
LKkWd9VYU_A,SHIN SONIC FRIENDS,Mark Ryan,2026-02-22T12:39:10.606Z,https://www.youtube.com/watch?v=LKkWd9VYU_A
zCq2JYXMgAg,Tails Uses Crazy Inventions On Sonic!,TailsBlox,2026-02-22T12:35:48.306Z,https://www.youtube.com/watch?v=zCq2JYXMgAg
s7C-Rj-7A2c,They tried to fool her    but she was smarter 👮💰,Super Sonicous,2026-02-22T12:35:16.861Z,https://www.youtube.com/watch?v=s7C-Rj-7A2c
SDMi2m1ZMb4,A Million Dollar Jelly Bed ：The Ultimate Gift from Dad,Huong Bui,2026-02-22T12:34:16.951Z,https://www.youtube.com/watch?v=SDMi2m1ZMb4
HECTRXWfi4Y,Tung Tung Tung Sahur CHASES Sonic & Tails!,TailsBlox,2026-02-22T12:30:48.947Z,https://www.youtube.com/watch?v=HECTRXWfi4Y
1xhuMjCC6Xc,They Were No Longer Here… And Only One Person Was Suspicious 👻⚰️😶,Super Sonicous,2026-02-22T12:30:21.276Z,https://www.youtube.com/watch?v=1xhuMjCC6Xc
6xMpZ2tYv6Y,He Just Wanted Peace… They Chose Chaos 😴⚡🤣,Super Sonicous,2026-02-22T12:29:20.001Z,https://www.youtube.com/watch?v=6xMpZ2tYv6Y
FnPS1bi9efI,Who made these toys?😭,Angelia Mor,2026-02-22T10:32:30.942Z,https://www.youtube.com/watch?v=FnPS1bi9efI
UGVXLNjUMJo,Dubai Dad's Million Dollar Jelly Bed：A One of a Kind Gift,Clip Cloud,2026-02-22T10:20:37.289Z,https://www.youtube.com/watch?v=UGVXLNjUMJo
2fzJ9Ac0YmA,Which one is your favorite? (Into The Unknown - Frozen 2 Cover) #singing #intotheunknown #frozen,Kyan Palmer,2026-02-22T10:13:38.043Z,https://www.youtube.com/watch?v=2fzJ9Ac0YmA
CULOC8bqgsQ,This Batman Toy Sold for INSANE Money! 🦇💸,OpenAster,2026-02-22T08:57:48.855Z,https://www.youtube.com/watch?v=CULOC8bqgsQ
PzJ_4icygKI,Top 30 BANNED Kids Toys,WatchMojo.com,2026-02-22T04:37:34.407Z,https://www.youtube.com/watch?v=PzJ_4icygKI
UWsQsS_jjyY,DO YOU PLAY MINECRAFT? #msbeanie,Ms. Beanie,2026-02-21T16:58:57.781Z,https://www.youtube.com/watch?v=UWsQsS_jjyY
JhfMg7q5Glk,BLUEY BACKPACK PUDDIN 😱❤️,Josh puddin & Dozer,2026-02-21T16:53:45.439Z,https://www.youtube.com/watch?v=JhfMg7q5Glk
19MnvasutuI,The Most Hated Marvel Toy of ALL TIME 😬 | What Were They Thinking?,OpenAster,2026-02-21T16:51:22.110Z,https://www.youtube.com/watch?v=19MnvasutuI
3KVPFytlZxs,ROBLOX LIVE | Join Now 🔴,ROLIVX ,2026-02-21T16:51:18.813Z,https://www.youtube.com/watch?v=3KVPFytlZxs
xKiCHG4zB9A,POV Losing Aura in Roblox 🤣 Brookhaven Funny Meme,CyBear,2026-02-21T16:49:12.714Z,https://www.youtube.com/watch?v=xKiCHG4zB9A
30nXnACxgEM,Dry Pool#sonic #sonicthehedgehog,Super-sonic,2026-02-21T16:46:05.351Z,https://www.youtube.com/watch?v=30nXnACxgEM
0vM-n5RpU68,Toys that were banned 😨,English Universe Labz,2026-02-21T16:39:48.755Z,https://www.youtube.com/watch?v=0vM-n5RpU68
P4QGnpSyse8,The poor girl stole the money😡 ~ miniwood toy-wood working art skill wood / hand crafts #gamtng,James USA zx,2026-02-21T16:39:43.759Z,https://www.youtube.com/watch?v=P4QGnpSyse8
zhLDFKmIWnk,Toys that saved lives 😨,English Universe Labz,2026-02-21T16:38:27.755Z,https://www.youtube.com/watch?v=zhLDFKmIWnk
avjIF4eqwW0,I FOUND OUT what my BROTHER was doing IN THE SECRET ROOM #roblox #berry,PairBlox,2026-02-21T16:38:14.809Z,https://www.youtube.com/watch?v=avjIF4eqwW0
vWl9wBgZ6Sw,CAN YOU survive this night with springtrap FNAF Animation..,They Who See,2026-02-21T16:37:15.775Z,https://www.youtube.com/watch?v=vWl9wBgZ6Sw
bKDcSvvDTlY,BACON LOST HIS SISTER AND REGRETS IT #roblox #vialshorts #adoptme #berry #brookhaven,Stella Roblox,2026-02-21T16:34:34.864Z,https://www.youtube.com/watch?v=bKDcSvvDTlY
hDIdC1pqz1M,Why can‘t Sonic swim🙏😭,dailylifeguy,2026-02-21T16:31:04.995Z,https://www.youtube.com/watch?v=hDIdC1pqz1M
SlAxCvD2M_E,Humiliated for being poor… but he turned the tables! 💪💰,Super Sonicous,2026-02-21T16:21:51.424Z,https://www.youtube.com/watch?v=SlAxCvD2M_E
Y-R1f7xDJL8,Will You Share Pizza With Creepy Freddy In Midnight ? 🍕 #3danimation #horrorstories #creepy #scary,3AM Creepy Show,2026-02-21T16:18:27.746Z,https://www.youtube.com/watch?v=Y-R1f7xDJL8
yEq5s_0FdSA,Why does Sonic wear shoes🙏😭,dailylifeguy,2026-02-21T16:17:17.615Z,https://www.youtube.com/watch?v=yEq5s_0FdSA
A2TgWZ3b9pE,GUESS THE REAL HEAD OF LIRILI LARILA part#4 garry's modnewupdateshort #roblox #zoonomaly #edit,FullOn Fun TV,2026-02-21T16:16:57.435Z,https://www.youtube.com/watch?v=A2TgWZ3b9pE
glUrzUFZJko,The Smile Song for Kids 😊 Camp Song - Preschool Learning,The Alana Banana Show - Educational Music Videos ,2026-02-21T11:03:12.132Z,https://www.youtube.com/watch?v=glUrzUFZJko
lxN6O5kaH8g,🔅Maths Games In School Playing Method#games #school #funny #trending #students #activity #song #kids,BELIEVERS ACADEMY,2026-02-21T11:03:08.016Z,https://www.youtube.com/watch?v=lxN6O5kaH8g
FeuSQU7jbJc,İngilizce'de İç içe Kelimeler #ingilizce #çocuk #okulöncesi #eğitim,Kidshire,2026-02-21T11:03:01.159Z,https://www.youtube.com/watch?v=FeuSQU7jbJc
CrpT5Mem2Do,AI Cloud Slime #satisfying #slime,Slime Glitterz,2026-02-21T11:02:57.303Z,https://www.youtube.com/watch?v=CrpT5Mem2Do
fQBnbsB9LZI,3 Rules Disney Princesses HAVE To Follow When Meeting Guests 👑,Super Happy Mega Mouse,2026-02-21T11:02:55.625Z,https://www.youtube.com/watch?v=fQBnbsB9LZI
mE6e5SN6wVw,Sand slime on the moon,_vector_,2026-02-21T11:02:51.498Z,https://www.youtube.com/watch?v=mE6e5SN6wVw
jjp1dTVVtI8,#halloween #kidssong,Fun Squad Shorts,2026-02-21T11:01:29.786Z,https://www.youtube.com/watch?v=jjp1dTVVtI8
4U0L-M5hDII,EVERYDAY SONIC LIFE ANIMATION #funnyshorts,AAC Dream,2026-02-21T11:01:05.111Z,https://www.youtube.com/watch?v=4U0L-M5hDII
CnyWe2I9uKg,Fat & Thin | Busy & Lazy #kidslearning #englishforkids #oppositesforkids,JoyoKids+,2026-02-21T11:00:48.250Z,https://www.youtube.com/watch?v=CnyWe2I9uKg
60cElGghPpk,Let’s Learn Science While Playing With Glass as Mirror! 💡 #kids #learn,MEOWJI,2026-02-21T10:59:55.844Z,https://www.youtube.com/watch?v=60cElGghPpk
GJJMyj2vT7o,American vs UK English 🇺🇸🇬🇧 | Common Everyday Words Difference for Kids and Beginners,Anokha,2026-02-21T10:59:43.386Z,https://www.youtube.com/watch?v=GJJMyj2vT7o
qL2REoR9tk4,Peach! 🍑🥹 #doll #dolls #peach,Rodney Rainbow,2026-02-21T10:59:29.231Z,https://www.youtube.com/watch?v=qL2REoR9tk4
-G7djnMm804,When Noob tugs war with C00lkidd kid ☠️ PT3 - Roblox Dead Rails #robloxanimation,Ninja Roblox,2026-02-21T10:59:20.818Z,https://www.youtube.com/watch?v=-G7djnMm804
oZ8s3N-_qAg,Larva Season 1 Episode 14 | The BEST of Cartoon Box | Larva Full Episode | New Cartoon Comedy,ENJO - Cartoon World,2026-02-21T10:58:42.764Z,https://www.youtube.com/watch?v=oZ8s3N-_qAg
qpeLb6Q01_Y,They Accepted Her As a Disney Princess 👑✨ | Ralph Breaks the Internet Scene Breakdown,Clover Thompson24,2026-02-21T10:57:59.337Z,https://www.youtube.com/watch?v=qpeLb6Q01_Y
SyFxP36ZKxA,my FRIEND wanted that I WAS KICKED OUT OF THE CLASSROOM #roblox #berry,PairBlox,2026-02-21T10:21:04.792Z,https://www.youtube.com/watch?v=SyFxP36ZKxA
EarXxLtiGtY,Let's Make the CUTEST Stress Toy! 🥰,Sticki Rolls,2026-02-21T05:56:09.386Z,https://www.youtube.com/watch?v=EarXxLtiGtY
fL7c7E2wwmI,Sonic With His Girlfriend - Animals!😱 Passo Bem Solto Rank Up Challenge!😲 Help Sonic Save Amy?🙏,Mopki TV,2026-02-21T05:51:27.874Z,https://www.youtube.com/watch?v=fL7c7E2wwmI
u8fyMa22rYk,The Tiniest Labubu Doll Ever Made 😱,OpenAster,2026-02-21T05:48:07.532Z,https://www.youtube.com/watch?v=u8fyMa22rYk
i4IhzAXj2Ew,Turning My STRESS BALL into SLIME! 😱😳✂️ *rip squishy*,It’Sarah 💜,2026-02-20T14:07:34.911Z,https://www.youtube.com/watch?v=i4IhzAXj2Ew
L4TZHZ46Cuc,Why does Sonic need gloves🙏😭,dailylifeguy,2026-02-20T14:06:31.173Z,https://www.youtube.com/watch?v=L4TZHZ46Cuc
3pU2o43J9Dg,Would you work at the FNAF Animation Studio?  (FNAF Animation),They Who See,2026-02-20T14:03:05.908Z,https://www.youtube.com/watch?v=3pU2o43J9Dg
03VmCKdMWh8,kpop filter fun #kpopdemonhunters #kpop #zoey #mystery #anime #cartoon #diy #fypシ #photo #fortnite,JellyBean Adventures,2026-02-20T08:35:02.795Z,https://www.youtube.com/watch?v=03VmCKdMWh8
ay5T_kyIYvw,filter fun. #demonslayer #anime #cartoon #kpop #japanese #kpdh #diy #kpopdemonhunters #diy #photo,JellyBean Adventures,2026-02-20T08:35:01.287Z,https://www.youtube.com/watch?v=ay5T_kyIYvw
5tGG2uNPmjE,injection in Spider-Man's butt #kpop #anime #blackpink #spiderman,TomatoVerse,2026-02-20T08:33:59.811Z,https://www.youtube.com/watch?v=5tGG2uNPmjE
iDEh1g1QQfI,Did you know?  why the blue car keep following Mr. Bean,CartoonTheories,2026-02-20T08:23:35.014Z,https://www.youtube.com/watch?v=iDEh1g1QQfI
C_UX_MWYKoY,BARBIE TENT FLYING PUDDIN 😱❤️,Josh puddin & Dozer,2026-02-20T08:05:37.335Z,https://www.youtube.com/watch?v=C_UX_MWYKoY
cIRMHcH7SiQ,The Lost World of Roblox 💀,Zenrix Edits,2026-02-20T07:58:38.584Z,https://www.youtube.com/watch?v=cIRMHcH7SiQ
z6DN5DHRqUA,She gave the boy a gift for the snacks 😅,SEGATOY,2026-02-20T07:42:47.394Z,https://www.youtube.com/watch?v=z6DN5DHRqUA
AZqWE5V9OlQ,3 toys you should never buy,Wow Fact,2026-02-16T01:33:56.870Z,https://www.youtube.com/watch?v=AZqWE5V9OlQ
S3EUTp8FAVk,The story of a man who has a prosthetic arm made from Lego‼️😭,"Seriously, Guys?

",2026-02-15T09:45:12.608Z,https://www.youtube.com/watch?v=S3EUTp8FAVk
yM4zSDFXETI,Spider-Man Needs a Warm Coat to Survive Winter 🥶🕷️🧥,Nobi Tv,2026-02-15T09:44:41.882Z,https://www.youtube.com/watch?v=yM4zSDFXETI
RIk0VH1GfJA,Which bodyguard would you choose against scary Santa Clause? 🎅😱,Ertoy Movie ,2026-02-15T09:39:14.445Z,https://www.youtube.com/watch?v=RIk0VH1GfJA
LnVuOz-sQZA,Top 3 Toys Parents Should Not Buy! 🤯😲,Kyro Scope,2026-02-15T09:37:22.313Z,https://www.youtube.com/watch?v=LnVuOz-sQZA
asKmNLiS2Qw,A B C D E F LYRIC PRANK 🤣🤣,AvocadoBoyRoblox,2026-02-15T09:36:31.997Z,https://www.youtube.com/watch?v=asKmNLiS2Qw
e3alb-86d9s,Why is Sonic so fast?🙏😭,dailylifeguy,2026-02-15T09:34:11.768Z,https://www.youtube.com/watch?v=e3alb-86d9s
6GXSdIELRdA,ONE MISTAKE = GAME OVER ROBLOX ULTIMATE SQUID GAME GLASS BRIDGE CHALLENGE DAY 110,Aamir GamerZ,2026-02-15T09:28:59.961Z,https://www.youtube.com/watch?v=6GXSdIELRdA
ffkIeq-zPbQ,POV ᥬ🥲ᩤ Luffy and Nami in the Hair Run! 132% #animation,Duhan Show,2026-02-15T09:23:18.479Z,https://www.youtube.com/watch?v=ffkIeq-zPbQ
GV7zg-TIX7Q,Which hair color would you choose for Thanos? 💇,Ertoy Movie ,2026-02-14T18:18:11.514Z,https://www.youtube.com/watch?v=GV7zg-TIX7Q
q1AordMQXB4,Rumi vs Mira – Who Will Win? Who Would You Choose? #kpopdemonhunters #animation,ZinZin Toons,2026-02-14T18:18:05.793Z,https://www.youtube.com/watch?v=q1AordMQXB4
1ftvzGfdfS8,LOVE RACE | Judy Cop or Prisoner Judy | WHO WILL NICK CHOOSE? 😱,Furki Animation,2026-02-14T18:15:30.839Z,https://www.youtube.com/watch?v=1ftvzGfdfS8
UG_SkfE4J-k,Which K-pop Demon Hunters character would you want to be seated next to in school? 🏫,Ertoy Movie ,2026-02-14T18:12:53.627Z,https://www.youtube.com/watch?v=UG_SkfE4J-k
up0SzeIArjw,Can You Find This SECRET LEGO Base?,MasterBuilders,2026-02-14T18:04:37.196Z,https://www.youtube.com/watch?v=up0SzeIArjw
YDgHj5aYWlM,i HAD to ENTER this MYSTERIOUS HOUSE in roblox! 😱 #roblox #berry,PairBlox,2026-02-14T18:04:16.401Z,https://www.youtube.com/watch?v=YDgHj5aYWlM
nZWPycxwenU,I DISCOVERED THE SECRET OF MY LITTLE FRIENDS #roblox #berry,PairBlox,2026-02-14T16:17:34.900Z,https://www.youtube.com/watch?v=nZWPycxwenU
fFdhxqT1jKk,67 VS 69 WAR in 99 NIGHTS ROBLOX!💀🔵🔴 #99nightintheforest #roblox #usa,BlazeBlox Shorts,2026-02-14T16:17:15.535Z,https://www.youtube.com/watch?v=fFdhxqT1jKk
fV7iMKfGe-M,Trouble! Help Little Sonic Get His Milk! #SonicTheHedgehog #sonic,OGG Toca Story,2026-02-14T16:16:06.753Z,https://www.youtube.com/watch?v=fV7iMKfGe-M
qKMXnY8DcUs,“One more thing” 😭 / Fnaf 1 Animation #fnaf #fivenightsatfreddys,FazWade,2026-02-14T15:55:39.523Z,https://www.youtube.com/watch?v=qKMXnY8DcUs
OmRTlKUsI8M,SPIDER-MAN Searches for SONIC Inside the Egyptian Pyramid Tunnels 🔦 #SpiderMan #Sonic,Urbex Void,2026-02-12T15:01:53.120Z,https://www.youtube.com/watch?v=OmRTlKUsI8M
7AM7DJTh0Ec,3 Toys Kids Should NEVER Have… They Won’t Stop Playing 😳,TECHUNBOX USA,2026-02-12T14:55:17.926Z,https://www.youtube.com/watch?v=7AM7DJTh0Ec
uIV5Sb_eQoY,Can You Survive 10 Minutes in Growing Up Fazbear FNAF Animation,They Who See,2026-02-11T14:44:19.105Z,https://www.youtube.com/watch?v=uIV5Sb_eQoY
9igJs5QIm58,CAN YOU survive this night with Springtrap Part 2 FNAF Animation..,They Who See,2026-02-11T14:32:53.073Z,https://www.youtube.com/watch?v=9igJs5QIm58
k_O0uV572lU,CAN YOU survive this night with Foxy FNAF Animation..,They Who See,2026-02-11T14:26:13.287Z,https://www.youtube.com/watch?v=k_O0uV572lU
ixNE6Vxwd5U,CAN YOU survive this night with Fredbear FNAF Animation..,What They Never Say,2026-02-11T14:07:30.821Z,https://www.youtube.com/watch?v=ixNE6Vxwd5U
d063kSuObhw,Who even is Hello Neighbor?!#animation #facts #funny #talkingangela2newupdate2023 #talkingtomversion,Ngozi Favour,2026-02-11T14:03:25.563Z,https://www.youtube.com/watch?v=d063kSuObhw
IFw0Zk0hNss,Whispering Dollhouse: Terror in Miniature,Untold Mysteries,2026-02-11T14:02:13.196Z,https://www.youtube.com/watch?v=IFw0Zk0hNss
iaLappx91vE,CAN YOU survive this night with baloon boy and puppet FNAF Animation..,They Who See,2026-02-11T14:01:15.762Z,https://www.youtube.com/watch?v=iaLappx91vE
hcJE0sPTdhE,CAN YOU survive this night with Chica FNAF Animation..,They Who See,2026-02-11T13:23:45.301Z,https://www.youtube.com/watch?v=hcJE0sPTdhE
xeMuespq0WE,"They Found SONIC, SHADOW and Friends Inside an Abandoned Water Park 🔦 #sonic #Sonicthehedgehog",Urbex Void,2026-02-09T12:09:35.094Z,https://www.youtube.com/watch?v=xeMuespq0WE
woAjh5B_fwc,Three Amy？？！！！Who are Real？？ #cute #sonic3 #wedding #funny,LALA PRO,2026-02-08T11:35:15.417Z,https://www.youtube.com/watch?v=woAjh5B_fwc
6T1sXf5P3UY,Kpop Demon Hunter x 99 nights in forest MAZE CHALLENGE #maze #roblox#funny,LucckyToons,2026-02-08T11:34:23.159Z,https://www.youtube.com/watch?v=6T1sXf5P3UY
kH5RmqLluQA,Gru And The Girls Take The Stage! | Despicable Me,Musical Picks,2026-02-08T08:12:30.199Z,https://www.youtube.com/watch?v=kH5RmqLluQA
1PEXzJ5CN2Q,A Supervillain Funeral | Minions: The Rise of Gru,Musical Picks,2026-02-08T08:11:19.161Z,https://www.youtube.com/watch?v=1PEXzJ5CN2Q
_E_jv9o_oEQ,Bob Becomes King in the Most Ridiculous Way Possible | Minions,Musical Picks,2026-02-08T08:03:45.498Z,https://www.youtube.com/watch?v=_E_jv9o_oEQ
2eXNmRW0tmA,Despicable Me 4's Best Scenes,Movieclips,2026-02-08T08:03:36.366Z,https://www.youtube.com/watch?v=2eXNmRW0tmA
EyXEHaKveFc,Despicable Me 4 (2024) - Gru & Maxine Sing Everybody Wants to Rule the World Scene | Movieclips,Movieclips,2026-02-08T08:01:06.763Z,https://www.youtube.com/watch?v=EyXEHaKveFc
aZWN5YRmo5I,Gru & Maxime Sing “Everybody Wants to Rule the World” | Despicable Me 4,Musical Picks,2026-02-08T07:55:00.916Z,https://www.youtube.com/watch?v=aZWN5YRmo5I
omI3-WyP7cw,Zootropolis + | La Route Vers Zootropolis | Épisode Entier | Disney Channel Belgique,Disney Kids Belgique,2026-02-08T07:53:48.807Z,https://www.youtube.com/watch?v=omI3-WyP7cw
kyziYe6KyhU,Grandma punishes a mean lion! | Madagascar: Escape 2 Africa | CLIP, Boxoffice ANIMATION ☆ Movie Scenes ,2026-02-08T07:46:16.933Z,https://www.youtube.com/watch?v=kyziYe6KyhU
NkTqej1czY8,ANGEL OR DEVIL BURGER 🍔Zootopia 2 - Can NICK and JUDY Escape The Lava Pit?,Rumi Animation,2026-02-08T07:24:50.842Z,https://www.youtube.com/watch?v=NkTqej1czY8
9KBKmpdZ8Uk,¿Cuántos Globos SpiderMan? 👁️👄👁️,Alejo Igoa,2026-02-08T07:22:16.143Z,https://www.youtube.com/watch?v=9KBKmpdZ8Uk
b6uW6ig2u-s,They Found PAW PATROL Characters Deep Inside an Abandoned Playhouse 🔦 #pawpatrol #chase,Urbex Void,2026-02-08T07:18:06.448Z,https://www.youtube.com/watch?v=b6uW6ig2u-s
A65wwg6R184,puedes ordenar los pokemon ? ☠️😂,Alejo Igoa,2026-02-08T07:15:11.556Z,https://www.youtube.com/watch?v=A65wwg6R184
caXAowN4EKg,MAZE CHALLENGE – ❄Kpop Demon Hunter x Spongebob x Kpop Demon Hunter escapes the trap💥 #maze #roblox,LucckyToons,2026-02-08T04:52:02.780Z,https://www.youtube.com/watch?v=caXAowN4EKg
fUEbm-6mS3o,Dog Got His Favorite Toy 🧸🐶,Oppaw,2026-02-07T18:31:28.751Z,https://www.youtube.com/watch?v=fUEbm-6mS3o
LxAiKCdxpR8,POV😍 Sasuke and Sakura in the Love Run! 163% #animation,MambaAnimeShow,2026-02-07T18:15:17.829Z,https://www.youtube.com/watch?v=LxAiKCdxpR8
jvu2zGwWNQ8,The happy moments when kids receive Christmas gifts 🎁😆 #kids #christmasgifts #happy #foryou,Peter Bell,2026-02-07T18:11:34.437Z,https://www.youtube.com/watch?v=jvu2zGwWNQ8
zT-Tf5CzgAs,Sad Birthday Girl Becomes a Princess! This Face Paint Cheered Her Up Completely!,Lea Fvnky,2026-02-07T18:11:20.244Z,https://www.youtube.com/watch?v=zT-Tf5CzgAs
du2PL2fgryo,Giving Barbie UGGS,EverythingDolls,2026-02-07T18:10:21.798Z,https://www.youtube.com/watch?v=du2PL2fgryo
fDzp2JPofW0,Giving Barbie a Labubu,EverythingDolls,2026-02-07T18:01:28.522Z,https://www.youtube.com/watch?v=fDzp2JPofW0
Psx6opgsaMQ,Sticky vs Slippery Stairs In Roblox!,Johnny and Marty,2026-02-07T17:56:17.872Z,https://www.youtube.com/watch?v=Psx6opgsaMQ
VPffmnBM63E,The Most Realistic Barbie Doll Kitchen!,DelightfulDolls,2026-02-07T15:10:33.393Z,https://www.youtube.com/watch?v=VPffmnBM63E
ohb76ASUUJE,Crazy Roblox Live 236,6dog,2026-02-07T14:59:37.139Z,https://www.youtube.com/watch?v=ohb76ASUUJE
BzJS1UTqCBs,Shopping with a smart Toddler #roblox #viralshorts #adoptme #berry #robux,Stella Roblox,2026-02-07T14:58:04.379Z,https://www.youtube.com/watch?v=BzJS1UTqCBs
8Yl0TfPtIdo,Her toy car is even faster than a luxury sports car.,FF ANIMATION,2026-02-07T11:20:27.068Z,https://www.youtube.com/watch?v=8Yl0TfPtIdo
mQE3Sb4bXDg,Riley and Bash Play Roblox Hole In The Wall!,Brook and Riley,2026-02-07T11:08:55.280Z,https://www.youtube.com/watch?v=mQE3Sb4bXDg
Ei-byLxQ6VI,The Voice from Inside 🔊 | School Secrets Part 2 #familyfriendly #cartoonshorts #cartoon #ytshorts,Milo,2026-02-05T15:37:31.191Z,https://www.youtube.com/watch?v=Ei-byLxQ6VI
TtGuyJPbVHg,The Real Life Superhero Brother ❤️🎬,Wholesome Wendy,2026-02-05T15:33:41.660Z,https://www.youtube.com/watch?v=TtGuyJPbVHg
gInjZwUqVgI,FOUR toys that got banned from our childhood…,TheMiniBl4sters,2026-02-05T15:28:48.376Z,https://www.youtube.com/watch?v=gInjZwUqVgI
Y84xFXoQE9o,Should You Ever Trust Sonic Late At Night,She Who Knows,2026-02-05T15:01:18.969Z,https://www.youtube.com/watch?v=Y84xFXoQE9o
DqjFl8Jb2ZQ,They Found PAW PATROL Characters Deep Inside an Abandoned Police Station 🔦 | Urbex Void #PawPatrol,Urbex Void,2026-02-05T15:00:21.042Z,https://www.youtube.com/watch?v=DqjFl8Jb2ZQ
RZFS2qHvWyQ,Zombie vs Patrick Star #spongebob #animation #funny,SquidMode,2026-02-05T14:29:37.414Z,https://www.youtube.com/watch?v=RZFS2qHvWyQ
RAsbmvovcpc,Papa Pizza Roblox #animated #creepy,Haunted Minute,2026-02-05T14:23:09.809Z,https://www.youtube.com/watch?v=RAsbmvovcpc
RTWhvp_OD6s,"Where You Are (From ""Moana""/Sing-Along)",DisneyMusicVEVO,2026-02-02T06:00:14.006Z,https://www.youtube.com/watch?v=RTWhvp_OD6s
93lrosBEW-Q,Jemaine Clement - Shiny (from Moana) (Official Video),DisneyMusicVEVO,2026-02-02T05:56:28.198Z,https://www.youtube.com/watch?v=93lrosBEW-Q
ybVaRflGe7s,Don't Choose The Wrong Chair In Roblox!,Johnny and Marty,2026-02-02T05:55:45.017Z,https://www.youtube.com/watch?v=ybVaRflGe7s
lTVGL-LpBpQ,Maulana Vows to Get 10-Year-Old Children Married to Defy Family Law | Hassan Nisar Great Analysis,Straight Talk with Ayesha Bakhsh,2026-01-30T04:33:48.383Z,https://www.youtube.com/watch?v=lTVGL-LpBpQ
t3AzA0RR_ro,NEVER PUT A DINOSAUR TOY IN FRONT OF A MORAY EEL 🦖😱🌊,Vidbravo!,2026-01-30T04:08:04.788Z,https://www.youtube.com/watch?v=t3AzA0RR_ro
tQwVKr8rCYw,"Jessica Darrow - Surface Pressure (From ""Encanto"")",DisneyMusicVEVO,2026-01-28T15:58:27.509Z,https://www.youtube.com/watch?v=tQwVKr8rCYw
r5spS7xk1KE,Lucy Runs Into A Lunatic Lady at the Supermarket (Full Scene) | Despicable Me 4,HaHa Picks,2026-01-28T15:58:09.030Z,https://www.youtube.com/watch?v=r5spS7xk1KE
AYEXfb16K90,Sonic Plays Roblox Hole In The Wall!,SpeedyBlox,2026-01-28T14:33:02.749Z,https://www.youtube.com/watch?v=AYEXfb16K90
NZ1jL2oAG00,Don't Cross The Street In Roblox!,Johnny and Marty,2026-01-28T14:32:10.209Z,https://www.youtube.com/watch?v=NZ1jL2oAG00
DhCZeTp7ea4,The Lion Guard The Zebra Mastermind Invisible Goigoi,lil bee play toys,2026-01-23T14:30:02.588Z,https://www.youtube.com/watch?v=DhCZeTp7ea4
vD9lyDl9V2s,The Lion Guard Cave of Secrets Clip FULI'S TEST,lil bee play toys,2026-01-23T14:28:17.302Z,https://www.youtube.com/watch?v=vD9lyDl9V2s
4HnoVFCiUa8,Unity and smart thinking are stronger than force.#cartoon #cartoonforkids #animals #cartoonvideo,HappyPawsStories2,2026-01-23T14:27:11.305Z,https://www.youtube.com/watch?v=4HnoVFCiUa8
8cancJG2F1o,The Lion Guard The Underground Adventure - Fire Attack,lil bee play toys,2026-01-23T14:16:48.500Z,https://www.youtube.com/watch?v=8cancJG2F1o
CbPJaEaxt0U,The Lion Guard - Battle for the Pride Lands - Janja Sings Sisi ni Sawa to Simba,lil bee play toys,2026-01-23T14:11:53.230Z,https://www.youtube.com/watch?v=CbPJaEaxt0U
yL1M5Z19qLA,Sonic's Prank! #sonic #sonicthehedgehog,Super-sonic,2026-01-23T13:57:48.492Z,https://www.youtube.com/watch?v=yL1M5Z19qLA
0U1PM13blLY,"Sonic Plays Red Light, Green Light In Roblox!",SpeedyBlox,2026-01-23T13:56:25.603Z,https://www.youtube.com/watch?v=0U1PM13blLY
8sGuiJUTeLw,Which team wins?🤨 102% #minecraft,MineRot,2026-01-23T13:52:03.038Z,https://www.youtube.com/watch?v=8sGuiJUTeLw
W13IROAU-08,Four toys from our childhood that got banned 😱🚫￼,TheMiniBl4sters,2026-01-23T13:43:29.919Z,https://www.youtube.com/watch?v=W13IROAU-08
cmUUPuWanZY,NEVER WATCH KPOP DEMON HUNTER ON ROBLOX 😱🎤🔥,Vidbravo!,2026-01-23T13:23:03.599Z,https://www.youtube.com/watch?v=cmUUPuWanZY
9SJTfqD8LDM,ROBLOX NEW MAZE CHALLENGE Part 54   One Piece x 99 night   Escape Zantrix,SnappyToons,2026-01-23T13:23:01.655Z,https://www.youtube.com/watch?v=9SJTfqD8LDM
QnJWzmZ0Yo0,She really wanted to play with this toy,SrJinxed,2026-01-19T17:30:31.247Z,https://www.youtube.com/watch?v=QnJWzmZ0Yo0
om5Yq-Snphw,UNUSUAL GADGETS for home!🤩 You can’t leave without!  #unboxing #gadgets #tools #hacks,Kate Yepik,2026-01-19T17:27:29.739Z,https://www.youtube.com/watch?v=om5Yq-Snphw
xw9GYDjqBiY,What toy did you get? #lego #actionfigures #funny #stopmotion #memes #everythingisawesome #legoem,idontposthere😭🙏,2026-01-19T17:16:11.558Z,https://www.youtube.com/watch?v=xw9GYDjqBiY
R_NpLJdV78s,Top 3 Insanely Addictive Toys Everyone's Obsessed With!,TECHUNBOX USA,2026-01-19T17:15:55.128Z,https://www.youtube.com/watch?v=R_NpLJdV78s
DMcNj5tu_Pg,KPop Demon Hunter VS Noob Pro Challenge😱 P.18 #minecraft #kpop,Zeus Shorts,2026-01-19T17:15:52.003Z,https://www.youtube.com/watch?v=DMcNj5tu_Pg
AuzMU20Lag0,3 Toys you must buy 👻,TECHUNBOX USA,2026-01-19T17:11:03.198Z,https://www.youtube.com/watch?v=AuzMU20Lag0
tWGnNTH5P-w,Don't Get Punched in Roblox!,Johnny and Marty,2026-01-19T11:57:49.724Z,https://www.youtube.com/watch?v=tWGnNTH5P-w
hI6Qex9J79A,Don’t Jump on The Wrong Brainrot Box in Roblox!,Johnny and Marty,2026-01-19T11:56:52.682Z,https://www.youtube.com/watch?v=hI6Qex9J79A
blWsuiDHluY,Kpop Demon Hunter Insane Challenge! P.1 #minecraft #kpopdemonhunters,Zeus Shorts,2026-01-18T11:35:43.964Z,https://www.youtube.com/watch?v=blWsuiDHluY
qUxy_GF_1lg,Sonic Team vs Rapunzel SNOW EDITION ❄️💀 Wait for the bald reveal!,SonicLabs,2026-01-18T11:34:06.783Z,https://www.youtube.com/watch?v=qUxy_GF_1lg
0tXx8HqT3Y8,🔥 LIVE Roblox Gameplay | Everyone Can Join RIGHT NOW!,Ave Bloxi,2026-01-18T11:31:18.428Z,https://www.youtube.com/watch?v=0tXx8HqT3Y8
a0uSKyy97mA,The cat princess keeps wanting to open the door.,MyCat Princess,2026-01-18T11:28:45.955Z,https://www.youtube.com/watch?v=a0uSKyy97mA
6SZUBig-738,The Price of a Dream#sonic,Lothario,2026-01-18T11:22:58.537Z,https://www.youtube.com/watch?v=6SZUBig-738
gomHWUAeWk8,KPop Demon Hunter Noob Pro Challenge P.3 #minecraft #kpop,Zeus Shorts,2026-01-18T11:10:54.770Z,https://www.youtube.com/watch?v=gomHWUAeWk8
DIlyWO1l2s4,KPop Demon Hunter Squid Game Lava Jump🤯 P.2 #minecraft #kpop,Zeus Shorts,2026-01-18T11:05:06.057Z,https://www.youtube.com/watch?v=DIlyWO1l2s4
Bw7NXvzdu3U,Owl Crazy Story in 99 Nights In The Forest Roblox 😨 #roblox #99nightintheforest #robloxshorts,Gusbanan,2026-01-18T11:03:35.882Z,https://www.youtube.com/watch?v=Bw7NXvzdu3U
KPtk1SjG0rM,Why Is The Deer Scared Of Light? 🤔😲 #99nights #roblox,Goodboysaregood,2026-01-18T11:02:43.540Z,https://www.youtube.com/watch?v=KPtk1SjG0rM
gXiOC_g-Tmg,Johnny Plays Roblox Steal a Brainrot!,Johnny and Marty,2026-01-18T10:58:04.730Z,https://www.youtube.com/watch?v=gXiOC_g-Tmg
0fx61AqCWF0,Johnny's New Song In Roblox!,Johnny and Marty,2026-01-18T10:53:22.053Z,https://www.youtube.com/watch?v=0fx61AqCWF0
FUm4ULv1DC0,Don't Game On Roblox Late!,Johnny and Marty,2026-01-18T10:52:34.232Z,https://www.youtube.com/watch?v=FUm4ULv1DC0
bBeZSuHI4Qc,"Diane Guerrero, Stephanie Beatriz - What Else Can I Do? (From ""Encanto"")",DisneyMusicVEVO,2026-01-18T09:32:15.834Z,https://www.youtube.com/watch?v=bBeZSuHI4Qc
X05282eN1zI,Three. Most terrifying toys in the multi-verse.🧸💀,TheMiniBl4sters,2026-01-18T05:18:31.674Z,https://www.youtube.com/watch?v=X05282eN1zI
ttq_35Mv6qE,Toy Boat vs Marty in Roblox!,Johnny and Marty,2026-01-18T05:15:55.134Z,https://www.youtube.com/watch?v=ttq_35Mv6qE
xCx-8Ul7_FU,Sonic Movie: Sonic meets Amy!💙💖,IAmTheRawls,2026-01-16T15:47:45.668Z,https://www.youtube.com/watch?v=xCx-8Ul7_FU
V9MNXOcgkY4,Don't Guess The Wrong Smell In Roblox!,Johnny and Marty,2026-01-16T15:39:35.031Z,https://www.youtube.com/watch?v=V9MNXOcgkY4
9OZ0HEn4Hns,Help Princess Rumi and Jinu continuously singing to reclaim their hair!!!,AuraToons,2026-01-16T15:39:03.442Z,https://www.youtube.com/watch?v=9OZ0HEn4Hns
0gH2hY46qxY,Spiderman VS 999 LVL Boss  Can Spiderman Defeat Red Hulk Help Spider man,Khudo Comics,2026-01-16T13:59:46.985Z,https://www.youtube.com/watch?v=0gH2hY46qxY
s9_tnQ9BzRA,People vs Air Mattress In Roblox!,Johnny and Marty,2026-01-16T13:58:37.653Z,https://www.youtube.com/watch?v=s9_tnQ9BzRA
ev2tFu12Pe8,Should You Ever Trust Sonic and Mario When They Are Looking Something At Your House,She Who Listens,2026-01-16T13:57:16.897Z,https://www.youtube.com/watch?v=ev2tFu12Pe8
xFHUMJuwP-Y,If You Wake Up In Sonic's World,She Who Listens,2026-01-14T16:12:50.324Z,https://www.youtube.com/watch?v=xFHUMJuwP-Y
3OWM45fiNu0,I wanted to BE AN ANGEL but the VAMPIRES DID THIS #roblox #berry,PairBlox,2026-01-14T16:10:26.127Z,https://www.youtube.com/watch?v=3OWM45fiNu0
26tb0z_B5uc,Mithu Tota | Punjabi Rhyme | Vidhata Singh Teer । Sirjana Kids,Sirjana Kids (ਸਿਰਜਣਾ ਕਿਡਜ਼),2026-01-14T12:49:40.403Z,https://www.youtube.com/watch?v=26tb0z_B5uc
NkQm2WdFdNM,Mithu Pyara Tota (ਮਿੱਠੂ ਪਿਆਰਾ ਤੋਤਾ) | Punjabi Rhyme for kids,SikhVille,2026-01-14T12:49:11.138Z,https://www.youtube.com/watch?v=NkQm2WdFdNM
CsjLsIx6d8g,Who Can Run On the Treadmill the Longest? #Minecraft,Mongo,2026-01-14T07:19:54.819Z,https://www.youtube.com/watch?v=CsjLsIx6d8g
zuAkPaHMOzc,Becoming the Strongest in School… #minecraft,Mongo,2026-01-14T07:14:48.216Z,https://www.youtube.com/watch?v=zuAkPaHMOzc
01uCQPMXGS0,Johnny's Fan Girls Play Roblox Don't Choose The Wrong Slide!,Johnny and Marty,2026-01-14T07:05:36.092Z,https://www.youtube.com/watch?v=01uCQPMXGS0
OJ8DAPJDGsA,67 Game In The Roblox Library!,Johnny and Marty,2026-01-14T07:05:01.150Z,https://www.youtube.com/watch?v=OJ8DAPJDGsA
iUwotP19V7U,👉 ONE WRONG STEP = GAME OVER 💀 - ROBLOX  #mrbeastroblox #mrbeastronaldo #roblox  DAY -  80,Crossroad Valor ,2026-01-14T06:31:11.616Z,https://www.youtube.com/watch?v=iUwotP19V7U
tplTcgWULlA,Choose rumi from white or black kingdom? #kpopdemonhunter #hunterx #animation,Max VS Football,2026-01-14T06:21:29.989Z,https://www.youtube.com/watch?v=tplTcgWULlA
bDtjRk-jcQw,Rumi and Mira Doll Sad Story Adventure #kpop #kpopdemonhunters #sad,luneta,2026-01-14T06:20:10.329Z,https://www.youtube.com/watch?v=bDtjRk-jcQw
dkyxDgwnwNw,Ezskuup rice no stick cat litter #unboxing #bestpetsupplies #petlovers #amazonfinds #pets #cat,Misty-influencer ,2026-01-14T06:17:04.859Z,https://www.youtube.com/watch?v=dkyxDgwnwNw
uemHDr49JKE,"Rumi can go to the mall after school, and Jinu sings on stage #huntrix #animation #sajaboys",Chibi Cute,2026-01-14T06:16:43.893Z,https://www.youtube.com/watch?v=uemHDr49JKE
1hUDiRRIguc,RC Car vs Marty in Roblox!,Johnny and Marty,2026-01-14T05:37:45.947Z,https://www.youtube.com/watch?v=1hUDiRRIguc
PRZRQzY2Swk,Color Matching Challenge - Help Ballerina Cappuccina pick the right color MUSIC Roblox,Girafik,2026-01-14T05:32:31.155Z,https://www.youtube.com/watch?v=PRZRQzY2Swk
oPDRANkoHa8,Don't Get Pulled In Roblox!,Johnny and Marty,2026-01-14T05:29:57.386Z,https://www.youtube.com/watch?v=oPDRANkoHa8
5_mhqsUF_ks,DEER SAVES CHILDRENS.. 😱,Deyaaaan,2026-01-14T04:39:27.058Z,https://www.youtube.com/watch?v=5_mhqsUF_ks
NP23DeJKtZU,Guess The Correct Logo 🧐✅ | KPop Demon Hunters 👩‍🎤 #minecraft #kpopdemonhunters,Dina,2026-01-14T04:37:20.315Z,https://www.youtube.com/watch?v=NP23DeJKtZU
hf5DZg9sNtw,Castle Singing Challenge! - Will Prince Jinu win Princess Rumi's heart or fail? #shots #funny,PunnToons,2026-01-14T04:36:57.321Z,https://www.youtube.com/watch?v=hf5DZg9sNtw
z90pszLP6vE,Frozen Shark Found Inside the Cave 😱,Mema Shortz,2026-01-14T03:51:24.089Z,https://www.youtube.com/watch?v=z90pszLP6vE
j1g5hedaQKQ,He Entered a Frozen Castle… Big Mistake 😱,Mema Shortz,2026-01-14T03:45:44.955Z,https://www.youtube.com/watch?v=j1g5hedaQKQ
FHonaIwokVE,Top 3 Smallest Dogs That Look Like Toys 😉,Wildbuddz,2026-01-14T03:44:49.296Z,https://www.youtube.com/watch?v=FHonaIwokVE
LKujnN58icc,can yall pls help me get 5k likes for ppp hoodie🎀#dance #outfitideas #outfit #katseye #trends,Robloxgirl-123,2026-01-12T17:38:56.634Z,https://www.youtube.com/watch?v=LKujnN58icc
Tu0H9zxt7M8,They Tested Their Children! 🧪👧👦😱,Nox Jackson,2026-01-12T17:38:40.764Z,https://www.youtube.com/watch?v=Tu0H9zxt7M8
5-NwKVUzfU4,You found Huntrix character in a terrifying place! What would you do? 😱🤯,Ertoy Movie ,2026-01-12T17:38:09.525Z,https://www.youtube.com/watch?v=5-NwKVUzfU4
G-FaJaJtp-o,What Ex-Disney Princesses SAY About Disney 🤫,Super Happy Mega Mouse,2026-01-12T17:26:14.035Z,https://www.youtube.com/watch?v=G-FaJaJtp-o
Af0XWIoQQjs,Frozen Shrek Characters Found 😱,Mema Shortz,2026-01-12T13:43:49.633Z,https://www.youtube.com/watch?v=Af0XWIoQQjs
f80uveym4os,Rock Crawler 4x4 Unboxing | Remote Control Car | Monster Truck Unboxing | Rc Car 4x4 Off Road,Dilshad Khan,2026-01-11T04:39:39.659Z,https://www.youtube.com/watch?v=f80uveym4os
n_2_UKW4dRc,unboxing POP MART The Monsters - Exciting Macaron ( Lychee Berry ) Labubu blind box 💖 | loffi snow,LoffiSnow,2026-01-10T06:09:03.975Z,https://www.youtube.com/watch?v=n_2_UKW4dRc
6zy0EhmiTHc,Toy Button = Endless Snacks for This Clever Pup,ATTshorts,2026-01-10T04:36:17.503Z,https://www.youtube.com/watch?v=6zy0EhmiTHc
_5F2xZg7ZnA,The Children's Trampolines in the Park！,Keiner Oza,2026-01-10T04:35:21.657Z,https://www.youtube.com/watch?v=_5F2xZg7ZnA
iObhcv8u18c,Can LEGO Stop a Backflip?😳👀,Lucie Colebeck,2026-01-10T04:32:23.408Z,https://www.youtube.com/watch?v=iObhcv8u18c
-9F2fop7gHI,Toys parents hate 💀,TheMiniBl4sters,2026-01-09T05:39:02.347Z,https://www.youtube.com/watch?v=-9F2fop7gHI
BhNGeoEsoSU,Never Play With Legos At Night...,Real_USG,2026-01-09T05:38:42.822Z,https://www.youtube.com/watch?v=BhNGeoEsoSU
7J5IDNQs3vw,Top 3 Toys Parents Should Never Buy! 😱😮,Kyro Scope,2026-01-07T15:40:25.007Z,https://www.youtube.com/watch?v=7J5IDNQs3vw
Omj_SXTcv_k,Big & Small Car vs Sonic,Wroom Crash,2026-01-07T15:40:14.076Z,https://www.youtube.com/watch?v=Omj_SXTcv_k
dOOr9AnqKqQ,POV 🧠 Rumi & Jinu in the Wedding Run! 💍🔥 #animation,Max VS Football,2026-01-06T06:02:20.485Z,https://www.youtube.com/watch?v=dOOr9AnqKqQ
cWppAbqm9I8,"""Your Idol"" | Official Song Clip | KPop Demon Hunters | Sony Animation",Sony Pictures Animation,2026-01-06T04:47:08.582Z,https://www.youtube.com/watch?v=cWppAbqm9I8
yebNIHKAC4A,“Golden” Official Lyric Video | KPop Demon Hunters | Sony Animation,Sony Pictures Animation,2026-01-06T04:46:59.112Z,https://www.youtube.com/watch?v=yebNIHKAC4A
983bBbJx0Mk,"""Soda Pop"" Official Lyric Video | KPop Demon Hunters | Sony Animation",Sony Pictures Animation,2026-01-06T04:44:11.071Z,https://www.youtube.com/watch?v=983bBbJx0Mk
Bqm9XHq5BZk,Top 3 Crazy Toys You Should Never Buy! 🤯😱,Kyro Scope,2026-01-05T14:53:33.118Z,https://www.youtube.com/watch?v=Bqm9XHq5BZk
6Sr0j6F5WDQ,Drone Catches CURSED BLUEY HEELER Pranking! Bluey.EXE in Real Life,Anglikosik Angelina,2026-01-02T03:25:59.652Z,https://www.youtube.com/watch?v=6Sr0j6F5WDQ
fjOeJssZX_Q,"""Free"" | Official Lyric Video | Sony Animation",Sony Pictures Animation,2026-01-02T03:25:26.305Z,https://www.youtube.com/watch?v=fjOeJssZX_Q
UtmeLFqWhKA,"NEW Full Bluey Minisodes - Part 1 💙 | Phoney, Tattoo Shop, Whirlpool, and Government | Bluey",Bluey - Official Channel,2026-01-01T16:18:05.794Z,https://www.youtube.com/watch?v=UtmeLFqWhKA
IrH7rkJRTsM,EVERY Bluey Minisode + Bonus Bit! 💙 ⭐️ | 60 MINUTES | Bluey,Bluey - Official Channel,2026-01-01T16:00:27.354Z,https://www.youtube.com/watch?v=IrH7rkJRTsM
uscUfL7vrTo,Full Bluey Minisodes So Far 💙 | Bluey,Bluey - Official Channel,2026-01-01T15:59:58.644Z,https://www.youtube.com/watch?v=uscUfL7vrTo
j2ofkxnctB0,"EVEN MORE Full Bluey Minisodes! - Part 1 💙 | Strong Potion, Goldilocks, and Where's Bingo? | Bluey",Bluey - Official Channel,2026-01-01T15:53:56.823Z,https://www.youtube.com/watch?v=j2ofkxnctB0
Exxrma3i-Ak,Tattoo Shop 🖍️ ✨ | FULL BLUEY MINISODE | Bluey,Bluey - Official Channel,2026-01-01T15:52:33.144Z,https://www.youtube.com/watch?v=Exxrma3i-Ak
Sod8mskDcWI,Bluey Couple Life After Happy Full | Go WOW,Go WOW,2026-01-01T15:50:33.435Z,https://www.youtube.com/watch?v=Sod8mskDcWI
K0CshsrAnMA,Bluey Characters in Real Life – You Won’t Believe Their Looks!,Quiz BuddyKids,2026-01-01T15:42:10.894Z,https://www.youtube.com/watch?v=K0CshsrAnMA
NA351QW_x_o,"Bluey Plays Charades with Bingo, Muffin & Nana | Fun Read-Aloud Story for Kids #bedtime #stories",Book Smart!,2026-01-01T15:41:33.805Z,https://www.youtube.com/watch?v=NA351QW_x_o
R7lwlVj8_vw,EVERY Bluey Minisode! 😯 💙 | 20 Full Minisodes | 40 MINUTES | Bluey,Bluey - Official Channel,2026-01-01T15:36:39.882Z,https://www.youtube.com/watch?v=R7lwlVj8_vw
_rbGVSENSzg,Ultimate Bluey Minisode Compilation! 🤩 💙 | 40 MINUTES | Every Minisode EVER! | Bluey,Bluey - Official Channel,2026-01-01T15:05:17.193Z,https://www.youtube.com/watch?v=_rbGVSENSzg
2PJwdgVyHr0,A Letter from Dad 💌 😯 | 30 MINUTES NEW Bluey Compilation 💙 + FULL MINISODE ✨ | Bluey,Bluey - Official Channel,2026-01-01T14:59:10.834Z,https://www.youtube.com/watch?v=2PJwdgVyHr0
koiI9TKIBBI,Blue Mountains Hands Puppets! 💙 🖐 | Bluey Episode Story and Many More Wonderful Moments ⭐️ | Bluey,Bluey - Official Channel,2026-01-01T14:57:22.592Z,https://www.youtube.com/watch?v=koiI9TKIBBI
aahtQ2Oncps,Spending Time With Friends 💙 | Bluey's Bestest Friends - Official,Bluey's Bestest Friends - Official Channel ,2026-01-01T14:43:27.835Z,https://www.youtube.com/watch?v=aahtQ2Oncps
BheR8IxrEpw,Bluey Animation Mistakes That You Can’t UNSEE,TubbyTank,2026-01-01T10:40:40.007Z,https://www.youtube.com/watch?v=BheR8IxrEpw
wXLBNFd1xro,"EVEN MORE Full Bluey Minisodes! - Part 2 💙 | Butlers, Alongside, Robo Bingo | Bluey",Bluey - Official Channel,2026-01-01T10:37:10.440Z,https://www.youtube.com/watch?v=wXLBNFd1xro
ed3T4-m7fR8,The True Story Of Dino Kid's Toy In 99 Night In The Forest 😭,AYCH,2026-01-01T08:10:01.318Z,https://www.youtube.com/watch?v=ed3T4-m7fR8
l8Dr7vzMSVE,"“Takedown” Official Lyric Video feat. Jeongyeon, Jihyo and Chaeyoung from TWICE | KPop Demon Hunters",Sony Pictures Animation,2026-01-01T08:08:21.138Z,https://www.youtube.com/watch?v=l8Dr7vzMSVE
F9rk_RdPqkM,Top 5 BANNED toys in America! 😱🔫,TheMiniBl4sters,2026-01-01T08:01:49.361Z,https://www.youtube.com/watch?v=F9rk_RdPqkM
EvYXrgE1hDs,Top toys that are haunting 😱,TheMiniBl4sters,2025-12-30T17:49:18.124Z,https://www.youtube.com/watch?v=EvYXrgE1hDs
eq70e88FNKI,Disney Princess Reveal! #kidsfun,J House jr.,2025-12-30T17:31:41.038Z,https://www.youtube.com/watch?v=eq70e88FNKI
hStzCGJKBlE,Where is thumbkin?! #kidssong,J House jr.,2025-12-30T17:31:39.403Z,https://www.youtube.com/watch?v=hStzCGJKBlE
6OD3-kvD-LI,5 pumpkins 🎃 #halloween #kidssong,J House jr.,2025-12-30T17:31:03.667Z,https://www.youtube.com/watch?v=6OD3-kvD-LI
eNyoqdY3X10,"💪If You Dream It, You Can Be It! ❤️",GVO Kids,2025-12-30T17:30:24.154Z,https://www.youtube.com/watch?v=eNyoqdY3X10
oJuNyoxX78g,KIDS! 🦀Can We SAVE this GIANT Horseshoe Crab from Danger?!🐚,Aaron's Nature Guide - Educational Kids Show,2025-12-30T17:29:59.185Z,https://www.youtube.com/watch?v=oJuNyoxX78g
HV-AUQvzPks,Ponies each have their own preferences#mylittlepony #cartoon,Movie cancanisay,2025-12-30T17:28:42.751Z,https://www.youtube.com/watch?v=HV-AUQvzPks
Qe1QTrX73YE,🤯Incredible POWER ❤️💪,GVO Kids,2025-12-30T17:27:51.915Z,https://www.youtube.com/watch?v=Qe1QTrX73YE
IgG0o_r6GSQ,Kids Learn to Be Grateful 🙏💛,Aidenya Kids,2025-12-30T17:27:43.648Z,https://www.youtube.com/watch?v=IgG0o_r6GSQ
uUNaUw6R5vQ,Learn 13 Homonyms for Kids 🎈💅🏻 | English Learning with Cartoon Animation,Anokha,2025-12-30T17:26:24.606Z,https://www.youtube.com/watch?v=uUNaUw6R5vQ
_RlrJWlEWAM,Kaycee David - Salamat | Blind Auditions | The Voice Kids Philippines Season 4,The Voice Kids Philippines,2025-12-30T17:25:10.237Z,https://www.youtube.com/watch?v=_RlrJWlEWAM
mvYZwDtxw7A,Hidden SECRETS In Bluey You Should SEE,TubbyTank,2025-12-30T16:01:17.794Z,https://www.youtube.com/watch?v=mvYZwDtxw7A
g_n4hQqcCUc,Toys which are way to dangerous,TheMiniBl4sters,2025-12-27T18:14:19.480Z,https://www.youtube.com/watch?v=g_n4hQqcCUc
QLDxXl9XKGM,POV Perfect Puzzle Challenge -  Sonic vs Shadow,Mr Buddy,2025-12-27T11:26:12.494Z,https://www.youtube.com/watch?v=QLDxXl9XKGM
RV5HsZ319Mw,They Finally Made K-Pop Demon Hunters Dolls… And Fans Are NOT Happy 💀,ThePopPoint,2025-12-27T09:09:31.496Z,https://www.youtube.com/watch?v=RV5HsZ319Mw
hJqkqqEIXhI,Sonic Part 3 and New Sonic Characters in Real Life! #sonic #funny #inreallife,Watch Me,2025-12-27T04:09:12.470Z,https://www.youtube.com/watch?v=hJqkqqEIXhI
uJZJJUW9lso,When Sonic Enters the Squid Game #squidgame #sonic,Cobexron,2025-12-27T04:05:50.662Z,https://www.youtube.com/watch?v=uJZJJUW9lso
kngyeDMq_oI,The importance of Elsa's hair in Frozen animation! 🤯,Movieflax,2025-12-27T03:57:52.580Z,https://www.youtube.com/watch?v=kngyeDMq_oI
hqJQuQ8hhfw,Why did Elsa really freeze in Frozen 2?,REXTOR ,2025-12-27T03:56:03.739Z,https://www.youtube.com/watch?v=hqJQuQ8hhfw
n1CdnyOpYzY,Fat vs Thin 😂 #englishforkids #kidslearning #kidsvideo #educationalvideo #oppositesforkids,JoyoKids+,2025-12-27T03:55:37.683Z,https://www.youtube.com/watch?v=n1CdnyOpYzY
5m9pyvHLw4Q,Muffin at the Ballet! 🥺 💜 🩰 | Bluey,Bluey - Official Channel,2025-12-27T03:54:52.165Z,https://www.youtube.com/watch?v=5m9pyvHLw4Q
ZyfDZ88Mn50,🔴LIVE: Bluey's Best Stories | 1 HOUR+ | Bluey,Bluey - Official Channel,2025-12-26T16:04:18.409Z,https://www.youtube.com/watch?v=ZyfDZ88Mn50
3-qzrzoCxnM,"Bluey Full Episodes Compilation! 💙 Onesies, Omelette, & More! | @disneyjr",Disney Jr. ,2025-12-26T15:50:12.387Z,https://www.youtube.com/watch?v=3-qzrzoCxnM
KJFH7li0Uz8,Best Friends Moments from Series 1 & 2! 💙✨ ﻿| FULL EPISODES! |  Bluey's Bestest Friends - Official,Bluey's Bestest Friends - Official Channel ,2025-12-26T15:49:48.872Z,https://www.youtube.com/watch?v=KJFH7li0Uz8
0tNet33cTdI,Masha and the Bear 2025 🐲🎅 Secret Santa 👸🎁 Best episodes cartoon collection 🎬,Masha and The Bear,2025-12-26T15:49:26.678Z,https://www.youtube.com/watch?v=0tNet33cTdI
1P-ozNAQ3ZI,Best of Bingo Minisodes! 🧡 | 30 MINUTES | Bluey Minisodes | Bingo - Official Channel,Bingo - Official Channel,2025-12-26T15:44:22.169Z,https://www.youtube.com/watch?v=1P-ozNAQ3ZI
OEYiwhWR_Vo,Tom et Jerry en Français | Jerry le farceur | WB Kids,WB Kids Français,2025-12-26T15:39:54.214Z,https://www.youtube.com/watch?v=OEYiwhWR_Vo
YU9lwq-lwO4,RACHEL takes care of her baby doll,KAYCEE & RACHEL in WONDERLAND FAMILY,2025-12-25T16:40:08.946Z,https://www.youtube.com/watch?v=YU9lwq-lwO4
IYbTYe6_mfo,KPop Demon Hunters INSANE JUMP CHALLENGE🤯 P.7 #kpop #minecraft,Epic Block Quest,2025-12-25T10:26:44.823Z,https://www.youtube.com/watch?v=IYbTYe6_mfo
VC61xSK8xe8,Which YouTuber would you go to waterpark with? 🌊,Ertoy Movie ,2025-12-25T10:24:55.724Z,https://www.youtube.com/watch?v=VC61xSK8xe8
RLlnGioNQXg,Extinct animals found frozen in ice! #animals,Facts media-81,2025-12-25T10:24:54.353Z,https://www.youtube.com/watch?v=RLlnGioNQXg
vUk-tdTtxNw,The Truth About Frozen..,DillyPickle,2025-12-25T06:49:39.480Z,https://www.youtube.com/watch?v=vUk-tdTtxNw
MSjz1F9fq8g,NEVER LEAVE THE COWBOY TOY ALONE IN YOUR ROOM 🤠⚠️😱,Vidbravo!,2025-12-25T06:41:48.227Z,https://www.youtube.com/watch?v=MSjz1F9fq8g
TajHi15crcU,BLUEY Characters That Exist in Real Life,ZigZag,2025-12-25T06:33:59.276Z,https://www.youtube.com/watch?v=TajHi15crcU
Cn9xO8FaJes,What color is the sky SONG PRANK 2😂😂  #roblox #robloxshorts,Nexay IA,2025-12-25T06:26:42.425Z,https://www.youtube.com/watch?v=Cn9xO8FaJes
kkmGppZYVmg,Mira’s Snow Prank Backfires… Nubini Gets All the Praise! #kpop #lego #rumi #roblox,AiBlox,2025-12-25T06:20:03.892Z,https://www.youtube.com/watch?v=kkmGppZYVmg
02KOJbdaWhM,He was born different… and nobody liked him 😔💔✨,Super Sonicous,2025-12-25T06:17:30.697Z,https://www.youtube.com/watch?v=02KOJbdaWhM
W3hAUgRmfB0,guess right with knuckles amy rose #minecraft,HAYZEN EXTRA,2025-12-25T06:07:04.700Z,https://www.youtube.com/watch?v=W3hAUgRmfB0
VCpuU4A4Ttg,kaka laka boom#viral#robloxstory,ANCHI ,2025-12-24T15:54:29.965Z,https://www.youtube.com/watch?v=VCpuU4A4Ttg
TQBMnq6jr20,Drawing Gary De’Snake from Zootopia #zootopia2 #fyp #viral #disneymovies #disneyanimation,The Sleepless Illustrator,2025-12-24T15:52:08.465Z,https://www.youtube.com/watch?v=TQBMnq6jr20
QtFM6o7fg6I,Choose potato chips would you like to eat! 🍟🤤,Ertoy Movie ,2025-12-24T15:47:29.169Z,https://www.youtube.com/watch?v=QtFM6o7fg6I
-FYO60qMuJY,guess right with sonic part 2 #minecraft,HAYZEN EXTRA,2025-12-24T15:46:36.697Z,https://www.youtube.com/watch?v=-FYO60qMuJY
Q0pDPhjzWs4,When Sonic Characters Enter the Squid Game #squidgame #sonic,Cobexron,2025-12-24T15:43:30.521Z,https://www.youtube.com/watch?v=Q0pDPhjzWs4
SjpzmCUSNJM,Which waterpark would you go to with your favorite YouTuber? ♥️😍🌊,Ertoy Movie ,2025-12-24T15:38:00.846Z,https://www.youtube.com/watch?v=SjpzmCUSNJM
W2i_nEFjuT4,KPop Demon Hunters Noob Pro Challenge Part.7 #kpop #minecraft,Epic Block Quest,2025-12-24T15:33:01.412Z,https://www.youtube.com/watch?v=W2i_nEFjuT4
o3GLGLHM1Mg,Bluey Le Cuenta a sus Padres que Será Madre ❤️ | Episodio Fan Made,Mr Bluey,2025-12-23T15:46:23.405Z,https://www.youtube.com/watch?v=o3GLGLHM1Mg
bo-aEVckKYM,POV ❤️ Naruto and Hinata in the Love Run! 120% #animation,Duhan Show,2025-12-23T15:46:00.482Z,https://www.youtube.com/watch?v=bo-aEVckKYM
6wqZxAAaOVI,KPop Demon Hunters vs Squid Game Lava Jump P.5 #kpop #minecraft,Epic Block Quest,2025-12-23T15:15:22.822Z,https://www.youtube.com/watch?v=6wqZxAAaOVI
4vQzirBmKfE,🔴LIVE: Best of Bluey Minisodes! ☺️ ✨ | Full Bluey Minisodes | 40 MINUTES | Bluey,Bluey - Official Channel,2025-12-22T16:56:52.013Z,https://www.youtube.com/watch?v=4vQzirBmKfE
LR5c1IWGBDE,Bluey – Short | Keepy Uppy | Disney Jr,Disney Junior Canada,2025-12-22T16:30:31.260Z,https://www.youtube.com/watch?v=LR5c1IWGBDE
-M9lvQADvAI,"Bluey ""Double Babysitter"" FULL Episode! | @disneyjr",Disney Jr. ,2025-12-22T16:23:18.045Z,https://www.youtube.com/watch?v=-M9lvQADvAI
fWBJTdq_pdU,Bluey Full Episode | Cubby | S3 E38 |  @disneyjr,Disney Jr. ,2025-12-22T16:16:19.186Z,https://www.youtube.com/watch?v=fWBJTdq_pdU
ukNeUB6dyeo,"🔴LIVE: Bluey Full Episode Celebration! 🎉 | The Sleepover, Baby Race, and More! | Bluey",Bluey - Official Channel,2025-12-22T16:04:04.554Z,https://www.youtube.com/watch?v=ukNeUB6dyeo
b3wCSBGT0V8,🔴LIVE: Amazing Travels 🚘 ✨ | 1 HOUR+ | Travel Games with Bluey and Bingo | Bluey,Bluey - Official Channel,2025-12-22T15:52:20.266Z,https://www.youtube.com/watch?v=b3wCSBGT0V8
3qm5W7aU8xE,😱 Nubini ran out of water in the pool. #kpop  #lego #rumi #roblox,AiBlox,2025-12-21T07:32:40.852Z,https://www.youtube.com/watch?v=3qm5W7aU8xE
jznntaEgfrs,SONIC 3 New Build a Queen Run Sonic vs. Shadow Day 83 funny EPIC Challenge! #Sonic,OGG Toca Story,2025-12-21T07:11:09.154Z,https://www.youtube.com/watch?v=jznntaEgfrs
RieyQrpBX4w,Anant laya 2 labubu doll,PoonamSikarwar,2025-12-21T05:06:56.655Z,https://www.youtube.com/watch?v=RieyQrpBX4w
ffHd8lRawaI,“She carried responsibility before she carried dreams.” || #emotionalstory #AnimatedShort#storytelin,Storytelling_Hub,2025-12-21T05:06:07.506Z,https://www.youtube.com/watch?v=ffHd8lRawaI
4JZ9I3Wlm5s,The Truth About Toy Story..,DillyPickle,2025-12-21T04:25:22.535Z,https://www.youtube.com/watch?v=4JZ9I3Wlm5s
920l8grRUNU,The Truth About Moana 2..,DillyPickle,2025-12-20T16:48:31.144Z,https://www.youtube.com/watch?v=920l8grRUNU
pRwPD-AZ9jI,The toy came… but at what cost? 🔫💔,Oovira,2025-12-20T16:34:58.307Z,https://www.youtube.com/watch?v=pRwPD-AZ9jI
e3Ork6FcpdM,The Truth About Frozen..,DillyPickle,2025-12-20T16:34:35.199Z,https://www.youtube.com/watch?v=e3Ork6FcpdM
5ePRysoAlpA,He Built a Lego Cat… But What It Turned Into Left Everyone Confused 😳🐱,Ezvonn,2025-12-20T16:34:30.314Z,https://www.youtube.com/watch?v=5ePRysoAlpA
MDKHHBhNXt8,The Lion Guard | DJ On Safari: Ono and Fuli | @disneykids,Disney Kids,2025-12-20T13:53:02.902Z,https://www.youtube.com/watch?v=MDKHHBhNXt8
unh66IcLpt8,KPop Demon Hunters - Laughs At Other Animated Movies,The Critical Drinker,2025-12-20T13:49:53.286Z,https://www.youtube.com/watch?v=unh66IcLpt8
QGsevnbItdU,"""How It's Done"" Official Lyric Video | KPop Demon Hunters | Sony Animation",Sony Pictures Animation,2025-12-20T13:45:38.561Z,https://www.youtube.com/watch?v=QGsevnbItdU
TbMEMCvFbZk,"""What It Sounds Like "" | Official Song Clip | KPop Demon Hunters | Sony Animation",Sony Pictures Animation,2025-12-20T13:45:24.987Z,https://www.youtube.com/watch?v=TbMEMCvFbZk
L6oxEZAI4Iw,🐉 Dragon Island | The Lion Guard | Disney Kids,Disney Kids,2025-12-20T13:44:07.514Z,https://www.youtube.com/watch?v=L6oxEZAI4Iw
UNUO02qsC74,The Lion Guard | Bunga and the King | @disneykids,Disney Kids,2025-12-20T13:38:06.568Z,https://www.youtube.com/watch?v=UNUO02qsC74
H8Ei6RGsKso,The Lion Guard | When I Became Scar 🙀| Disney Kids,Disney Kids,2025-12-20T13:31:30.224Z,https://www.youtube.com/watch?v=H8Ei6RGsKso
wDlr8DtunoM,Which Huntrix character would you like to dress up as Christmas? 🎅🎄,Ertoy Movie ,2025-12-20T13:28:53.177Z,https://www.youtube.com/watch?v=wDlr8DtunoM
9NO4D4WyVmo,Mall Stuff Pure Heart Person 🥷🔥~ mini wood toy-wood working art skill wood / hand crafts #gamtng,The SuperV,2025-12-20T13:26:34.484Z,https://www.youtube.com/watch?v=9NO4D4WyVmo
Nw7vCq1sQv0,The Truth About Moana..,DillyPickle,2025-12-20T13:25:31.480Z,https://www.youtube.com/watch?v=Nw7vCq1sQv0
QQhvXQly4ps,Guard Almost Caught Her 😨🔥~ mini wood toy-wood working art skill wood / hand crafts #gamtng,Liñdo Kerl,2025-12-20T13:15:20.184Z,https://www.youtube.com/watch?v=QQhvXQly4ps
IeX2nhwBCL0,Top 3 Weirdest Toys You've NEVER Seen Before! 😱🤯,Polaristuff,2025-12-19T14:08:56.527Z,https://www.youtube.com/watch?v=IeX2nhwBCL0
5LTLEY_ca7E,Which automatic hair machine would you trust your hair? 💇✂️💇‍♀️,Ertoy Movie ,2025-12-18T16:22:32.666Z,https://www.youtube.com/watch?v=5LTLEY_ca7E
jbmkwsf43kg,Sonic is Died💔#sonic,Dark Theory,2025-12-18T16:21:18.408Z,https://www.youtube.com/watch?v=jbmkwsf43kg
KYEc3SrvNSQ,Did you notice this detail in movie Inside Out 2?,Animation Odyssey,2025-12-18T16:20:56.661Z,https://www.youtube.com/watch?v=KYEc3SrvNSQ
Qu3AUF3PlNw,Which crazy bed would you choose rest of life? ♥️😍🛌,Ertoy Movie ,2025-12-17T17:05:42.030Z,https://www.youtube.com/watch?v=Qu3AUF3PlNw
vXaivi0GJRs,"If you could swap lives with YouTuber, who will it be? ♥️🤔",Ertoy Movie ,2025-12-16T16:27:28.040Z,https://www.youtube.com/watch?v=vXaivi0GJRs
38JQnEv-si4,Which dream room would you wanna live forever? 🛌😍,Ertoy Movie ,2025-12-16T16:20:17.718Z,https://www.youtube.com/watch?v=38JQnEv-si4
Bkv619EPzVM,Roblox Brainrot Update Let's Play Together Now🤩🔥,Englishwith Saniha,2025-12-16T16:14:27.191Z,https://www.youtube.com/watch?v=Bkv619EPzVM
DSkfs4InTQs,How Spider-Man Turned into a Black Snake! 🐍🤯 #spiderman #spiderverse #spidy,Viral-Hits,2025-12-16T16:11:34.966Z,https://www.youtube.com/watch?v=DSkfs4InTQs
InQELfl_V_M,Which SONIC will clean it up?🤔 #sonic,ElaFrame,2025-12-16T16:10:13.416Z,https://www.youtube.com/watch?v=InQELfl_V_M
